words,nos,translation
ég,373367,I
ađ,321507,a
er,297275,which
í,209177,in
ekki,208254,not
ūađ,191073,you
og,169167,and
á,148426,on
ūú,145231,you
viđ,130268,We
hann,114815,he
ūetta,106434,you
hvađ,75674,what
sem,70733,which
mér,70033,me
til,68173,to
en,65837,but
međ,64293,among
ūér,60237,you
fyrir,59872,by
af,56961,of
um,56051,of
var,54859,was
mig,49432,me
ūig,49299,ūig
Já,46613,Yes
að,46300,that
hún,41336,she
nei,40238,no
ūví,38155,you
allt,36725,everything
bara,33074,just
eru,32578,are
svo,32353,then
ef,31581,if
ert,30448,are
ūá,29200,y
það,25690,it
ertu,25393,are you
okkur,24991,U.S
eins,24896,likewise
vera,24155,stay
eftir,24039,over
lagi,23888,right
gera,23648,do
veit,23123,know
hefur,22710,has
hér,22587,here
ūiđ,22463,ūi
ūeir,22448,you
nú,22059,now
frá,21413,of
fara,20649,leave
hvernig,19979,how
þú,19449,you
út,19060,out
við,18976,we
ūegar,18769,today
hef,18234,have
upp,18190,up
aftur,17999,again
honum,17957,him
minn,17592,mine
svona,17554,thus
ekkert,17015,nothing
vel,16954,well
verđur,16392,worth
hana,16382,her
sé,16246,see
hver,15990,any
ykkur,15401,you
ūessu,15198,this
þetta,14971,that
vil,14741,want
veriđ,14571,would be
komdu,14365,come
eđa,14320,or
segja,14300,tell
erum,14280,are
hérna,13949,here
úr,13864,watch
get,13773,can
aldrei,13656,never
hverju,13653,which
gott,13524,good
hvar,13309,where
hafa,12971,have
hjá,12773,on
getur,12414,can
koma,12316,arrival
okkar,12228,our
viltu,12162,do you want
inn,12102,inwards
mín,12050,mine
fá,12027,gain
núna,11958,presently
mađur,11834,center
takk,11712,thanks
eitthvađ,11492,something
kannski,11191,perhaps
herra,11177,master
sagđi,10987,said
hans,10909,his
ūau,10809,ūau
hvað,10661,what
ūarna,10449,there
tala,10263,talk
ūarf,10238,need
henni,10172,her
væri,9968,would be
sjá,9837,see
ūar,9685,you
líka,9529,too
held,9456,think
fer,9365,goes
ūín,9324,you
áfram,9317,forward
ūeim,9138,them
ūess,8960,this
rétt,8908,authorize
sér,8896,with
farđu,8885,care
ūinn,8851,the one
mjög,8804,very
vegna,8787,because of
með,8784,with
kemur,8686,comes
saman,8676,together
gert,8477,done
þér,8147,you
sá,8032,that
einn,8013,solitary
enn,7845,still
verđ,7765,worth
alltaf,7674,ever
gæti,7639,could
of,7599,too
allir,7578,everyone
ætla,7462,intend
yfir,7454,past
hafi,7429,Have
pabbi,7404,dad
má,7342,may
ūessi,7319,this
enginn,7251,no
kom,7223,came
dag,7175,day
mamma,7161,mom
skal,7125,shall
sig,7012,himself
heldur,6972,rather
komiđ,6902,come
veistu,6897,do you know
bíddu,6873,wait
vita,6808,know
mitt,6734,mine
förum,6709,went
heim,6651,home
átt,6577,direction
sama,6534,same
guđ,6528,guy
tíma,6512,devote
ūakka,6494,expect
einhver,6426,some
höfum,6377,have
ūær,6360,You
mikiđ,6296,great
finnst,6270,feel
þig,6253,you
fariđ,6246,travel
láttu,6205,let
getum,6177,can
niđur,6143,niche
Jæja,6095,well
hefđi,6091,have
gķđur,5924,god
hingađ,5901,here
meira,5872,more
Fyrirgefđu,5859,i am sorry
vildi,5783,wanted
segir,5782,says
taka,5740,take
ađeins,5683,only
mun,5675,will
áđur,5662,All
satt,5643,true
veist,5604,know
fjandinn,5547,damn
segđu,5517,say
eitt,5482,one
vertu,5453,be
ūessa,5451,this
hvert,5442,where
voru,5415,were
elskan,5391,Darling
alla,5383,all
halda,5341,maintain
vill,5287,wants
öll,5263,all
myndi,5228,would
gerđu,5199,do
einu,5192,one
gerir,5174,does
fram,5153,front
hvort,5153,which
láta,5133,let
kvöld,5129,evening
ūitt,5123,you
ykkar,5099,yours
sagt,5071,said
hættu,5066,stop
hefurđu,5044,has
verđum,5024,protest
hélt,4995,thought
því,4984,because
vilt,4981,want
annađ,4977,otherwise
fķr,4966,completed
alveg,4958,altogether
hennar,4940,her
fķlk,4927,people
hr,4879,hold
ár,4879,year
stađ,4832,walk
sjáđu,4829,see
vinur,4782,friend
leiđ,4781,means
Hæ,4776,Hi
verđa,4754,become
Ķ,4736,Ķ
eina,4666,one
gerđi,4480,dating
geri,4455,difficult
séđ,4445,can
menn,4430,men
sinni,4410,forward
mína,4369,My
hvađa,4368,what
neitt,4305,anything
ætti,4296,should
reyna,4279,try
Hallķ,4277,Hall
gaman,4270,fun
hvers,4270,whose
þá,4215,then
vissi,4207,knew
skil,4161,understand
langar,4154,wants
finna,4128,find
elska,4113,love
auđvitađ,4056,aulent
vinna,4053,work
án,4010,with out
drepa,3916,kill
undir,3906,beneath
eruđ,3898,are
ūessum,3893,this
mínum,3868,my
áttu,3862,do you have
öllum,3856,all
síđan,3851,filtered
strax,3827,immediately
frábært,3825,great
ūeirra,3824,your
eigum,3812,own
hugsa,3794,think
engin,3794,Noone
einmitt,3743,exactly
morgun,3732,morning
fimm,3717,five
viss,3713,sure
taktu,3713,take
alvöru,3679,real
ūína,3674,yours
kem,3594,come
fékk,3590,got
gengur,3588,walks
varst,3583,were
Jú,3574,Yes
ūennan,3554,you
ná,3515,gain
leitt,3515,sorry
átti,3491,had
ūannig,3473,right
lengi,3444,long time
geturđu,3425,can
lengur,3412,longer
þið,3402,you
sæll,3391,joyful
frú,3391,miss
ūarft,3382,as
haltu,3362,Hold
heldurđu,3353,but
segi,3333,say
komast,3331,penetrate
Heyrđu,3328,Hear
gķđa,3326,go
fyrsta,3310,first
betur,3297,better
hvenær,3292,when
vilja,3284,want
eiga,3282,keep
hitta,3277,encounter
lífi,3251,live
öllu,3221,all
fyrst,3214,first
kominn,3209,arrived
ūykir,3192,you
inni,3185,inside
ára,3179,years
einhvern,3177,someone
burt,3164,away
áhyggjur,3155,worry
víst,3119,wish
mann,3107,man
hjálpa,3088,aid
daginn,3061,day
geta,3045,ability
varđ,3035,assumed
handa,3021,for
ūangađ,3019,while
sinn,3012,his
gķđ,3010,god
gerđist,3003,unite
þeir,2994,they
a,2993,a
ūurfum,2976,we need
virđist,2969,seem
ūínum,2968,yours
máliđ,2947,issue
illa,2939,badly
ein,2937,alone
mál,2909,measure
hægt,2905,possible
nema,2896,except
ao,2882,ao
ættir,2864,should
hafđi,2861,has
ætlarđu,2841,plan
minni,2837,remembrance
komum,2824,come
fyrr,2784,before
nķtt,2777,enjoyed
sjálfur,2753,self
tveir,2729,two
líf,2708,life
héđan,2703,headed
leita,2693,search
heiti,2693,name
líđur,2672,feels
búinn,2668,exhausted
heima,2661,home
gegn,2658,versus
gerum,2627,bribes
samt,2616,however
þegar,2609,when
Jack,2608,Jack
nķg,2603,nķg
langt,2582,far
tvö,2567,two
engar,2563,no
erfitt,2555,difficult
vorum,2552,were
ferđ,2527,travel
bless,2520,goodbye
annars,2520,else
mátt,2506,must
mínu,2502,my
hætta,2475,cease
fengiđ,2457,get
enga,2444,none
gangi,2442,walk
mömmu,2429,mom
vantar,2423,missing
hve,2421,how
skiptir,2412,matters
tekur,2402,takes
hafiđ,2401,has
gefa,2400,donate
i,2396,i
hugmynd,2388,idea
deyja,2386,expire
gat,2365,could
hlũtur,2358,will
fann,2354,found
fjandans,2353,damn
heitir,2345,called
mínútur,2340,minutes
heyra,2337,hear
stundum,2333,sometimes
fær,2323,competent
klukkan,2320,the clock
fæ,2313,get
haldiđ,2301,held
flott,2299,cool
spyrja,2289,question
máli,2285,meaning
gerast,2279,happen
allan,2273,all
ætlar,2272,is going to
alls,2263,all
sex,2255,six
líklega,2255,probably
mínir,2248,mine
trúi,2246,believe
nota,2245,use
sért,2244,been
verður,2240,must
hvern,2240,whom
lítur,2235,looks
fínt,2232,fine
hjálp,2230,aid
komst,2224,come
ganga,2217,course
fleiri,2195,more
allar,2193,all
orđiđ,2185,word
fađir,2182,fae
tíu,2182,ten
gerist,2176,happens
nokkuđ,2175,something
besta,2164,the best
úti,2141,outside
þessu,2129,this
stendur,2126,stands
sjáumst,2126,see you later
verið,2124,been
baka,2112,bake
uppi,2110,upstairs
tķk,2110,tķk
ha,2108,ha
sæl,2106,Hello
tvær,2096,two
sagđir,2085,said
fannst,2083,thought
međan,2081,among
líkar,2078,similar
manni,2066,man
virkilega,2060,really
kann,2057,knows
jafnvel,2043,even
smá,2031,a little
værir,2022,would
pú,2019,you
eigin,2002,own
hey,1998,hay
New,1991,New
man,1989,man
sũna,1983,part
milli,1982,between
daga,1981,dawn
byrja,1980,start
varstu,1979,Were you
tvo,1973,two
næstum,1972,almost
Afsakiđ,1971,Apologize
pabba,1970,dad
segirđu,1966,Says
Afsakađu,1965,Apologize
frekar,1951,rather
ūinni,1945,your
gegnum,1939,through
eða,1938,or
manstu,1936,remember
hringja,1936,ring
ættum,1931,should
árum,1927,years
hluti,1922,portion
sonur,1919,son
heyrt,1919,heard
látiđ,1918,ignorance
betra,1916,better
mađurinn,1896,responsive
John,1891,John
ūķtt,1883,ķtt
skiliđ,1878,return
kona,1873,character
gķđan,1870,God
þau,1870,they
komin,1869,arrived
skilurđu,1867,divorce
konan,1861,the woman
meina,1861,mean
eitthvað,1857,something
strákar,1857,boys
engan,1854,no one
hátt,1852,loud
sérđu,1849,see
vitum,1837,knowledge
tími,1834,time
ķkei,1833,Nope
annan,1832,another
vinir,1831,friends
litla,1831,small
undan,1825,before
kemst,1824,arrive
sú,1823,that
beint,1819,straight
færđ,1818,country
hverjum,1812,who
ūekki,1808,you don't
borđa,1805,drill
kalla,1803,call
horfa,1793,watch
ūķ,1787,you
utan,1787,outside
búiđ,1781,living
tekiđ,1775,accepted
verđi,1774,being
gætir,1773,could
leyfđu,1772,Allow
hversu,1769,how
konu,1763,woman
bílinn,1761,car
miklu,1759,much
hefđir,1755,tradition
dálítiđ,1750,quiet
hví,1749,simplicity
orđ,1746,word
helvítis,1744,damn
tilbúinn,1744,synthetic
ūessari,1743,this
bíđa,1737,Worth
skulum,1720,shall
reyndar,1718,actually
ú,1717,u
Jesús,1715,Jesus
myndir,1711,pictures
ūũđir,1709,others
varlega,1709,carefully
engu,1706,no
annar,1704,second
tek,1703,teak
viku,1702,week
átta,1702,eight
hafđu,1701,had
félagi,1700,companion
maður,1697,man
skjķta,1694,shoot
nķgu,1691,enough
finn,1689,feels
grínast,1689,joking
börn,1684,children
hlustađu,1683,listen
kyrr,1678,still
ad,1673,etc
meiri,1670,more
fáum,1666,get
nafn,1664,name
peninga,1662,money
pao,1654,pao
strákur,1641,boy
seinna,1639,afterwards
andskotinn,1637,damn it
lokiđ,1635,valve
York,1634,York
borga,1619,pay
ætlađi,1610,intention
barn,1599,child
eiginlega,1596,actually
sjáiđ,1595,see
ūínu,1588,yours
hamingju,1583,happiness
brķđir,1580,brothers
sína,1577,show
skilja,1574,understand
slepptu,1571,drop
nær,1566,closer
búin,1552,done
yrđi,1552,would
sagði,1548,said
mynd,1543,print
svolítiđ,1542,quite
settu,1539,put
næsta,1537,next
petta,1535,point
betri,1534,better
viljum,1528,want
burtu,1527,away
fallegt,1524,beautiful
miđur,1523,mid
ūegiđu,1521,your
best,1514,best
dali,1512,valley
hafir,1509,has
hlusta,1509,listen
síđasta,1505,last
vona,1505,hope
geti,1504,may
ūúsund,1503,a thousand
margir,1502,many
frábær,1501,great
skrifa,1496,write
vonandi,1493,hopefully
oft,1493,often
fröken,1492,miss
gerđir,1491,features
hug,1489,mind
dr,1488,dr
bjarga,1483,rescue
ræđa,1480,talk
kenna,1476,teach
náđi,1474,took
Ū,1474,Ū
hinn,1472,the other
lét,1472,","
nũja,1469,use
von,1469,hope
reyndi,1464,tried
sínum,1464,their
ūrír,1458,year
séu,1453,be
hræddur,1453,afraid
ūessar,1451,this
læt,1451,let
Ja,1440,Yes
bílnum,1437,the car
gætum,1430,guard
setja,1429,set
sofa,1429,sleep
lítiđ,1427,time
lifa,1425,live
reyndu,1419,try
ađra,1417,friendly
þeim,1417,them
þarna,1412,there
sendi,1410,send
konur,1409,women
gaf,1407,gave
slæmt,1407,bad
tilbúin,1402,ready
öđrum,1400,among
tækifæri,1398,chance
búa,1395,reside
síđar,1394,filter
þar,1391,there
líta,1389,look
mistök,1386,mistake
næst,1385,next
sækja,1382,get
örugglega,1380,indeed
fáđu,1377,get
sjö,1376,seven
bjķđa,1374,offer
rķlegur,1372,pleasant
mínar,1372,mine
gefđu,1371,donate
vini,1366,friends
nokkur,1362,some
skilur,1361,understands
stađar,1361,stakes
tķkst,1358,apparently
talar,1356,speaks
peningana,1352,money
þarf,1350,need
fjárinn,1349,money
lætur,1347,lets
sestu,1346,sit
nálægt,1342,near
ætlum,1336,plan
talađ,1331,talk
skipti,1327,exchange
gekk,1324,walked
sagđirđu,1324,said
margt,1318,many
vio,1316,vio
gamla,1313,old
þess,1304,it/that
standa,1302,stand
vinnur,1301,works
færđu,1299,go
falleg,1295,beautiful/lovely
Vá,1295,Wow
húsiđ,1292,house
líttu,1292,color
sagđist,1291,said
ungfrú,1288,miss
ūekkir,1288,thanks
varla,1274,hardly
farinn,1273,gone
hringi,1270,call
sko,1269,shoe
samband,1268,liaison
föđur,1265,depart
aõ,1264,aõ
minna,1263,less
augnablik,1262,moment
Almáttugur,1259,Almighty
sæti,1252,seat
lífiđ,1252,life
heyrđi,1251,hear
lofa,1247,promise
David,1246,David
dķ,1246,dķ
vinstri,1244,left
börnin,1242,the children
tökum,1241,let's take
kaupa,1240,purchase/buy
berjast,1238,fight
senda,1237,send
hægri,1236,right
Frank,1234,Frank
sjáum,1233,take care
númer,1230,number
stķr,1229,big
mat,1228,appreciation/food
ennūá,1225,still
fķlki,1224,nation
vinnu,1215,work
vandamál,1212,puzzle
einhvers,1211,something
herrar,1210,gentlemen
önnur,1204,another
fjandanum,1202,damn it/fucked
niđri,1200,down
bænum,1200,town
látum,1199,reception
gær,1198,yesterday
Charlie,1197,Charlie
viljiđ,1196,willingness
sitt,1194,long
rangt,1193,wrong
ætli,1193,guess/intend/suppose
hringdi,1193,called/call/ring
fyrstu,1193,first
mķđir,1189,march
framan,1188,in front of
Michael,1187,Michael
missa,1187,loose
áhuga,1184,interest
gķđu,1183,go
hitti,1181,met
lesa,1180,read
hjálpađ,1180,help
haft,1174,have
leika,1174,perform
getađ,1173,capability
þín,1172,your
bíl,1171,car
næstu,1170,next
fundiđ,1170,meeting
hringdu,1169,call
leiđinni,1169,the way
mķti,1167,sort
dagur,1164,day
dauđur,1163,dead
datt,1162,fell
hljķmar,1161,sound
þessi,1160,this/this one
hitt,1159,the other
ūrjú,1158,Christmas
litli,1157,small
ūann,1156,you
mörg,1150,many
einhverju,1148,something
takiđ,1148,take
þinn,1145,your
læknir,1145,doctor
hjarta,1139,heart
manns,1139,man
nokkra,1139,a few
pér,1138,per
konar,1134,kind
ūessir,1133,these
hætti,1130,quit
fréttir,1128,news
bestu,1127,the best
bađ,1126,town
barniđ,1123,child
tímann,1120,time
drap,1119,killed
fjölskyldu,1116,family
herbergi,1116,room
Sam,1115,Sam
munu,1114,will
spila,1113,play
beđiđ,1111,bear
ķtrúlegt,1105,mad
snũst,1103,turning
heyri,1103,hear
náđu,1102,recovered
hús,1099,house
trúa,1098,believe
höldum,1098,hold
ást,1094,love
biđ,1094,both
innan,1092,inside
getiđ,1091,potential
ūurfa,1090,asy
stelpa,1088,girl
þær,1088,then it's
hendur,1087,hands
hinum,1086,the other
starf,1085,business
George,1085,George
drekka,1085,drink
húsinu,1084,the house
heiminum,1083,world
čg,1082,čg
finnur,1082,finds
leggja,1077,lay
dyrnar,1071,door
fangelsi,1070,prison
mánuđi,1070,month
fari,1070,travel
frændi,1068,cousin
ofan,1067,above
færi,1066,fishing line
farðu,1064,go away
borđ,1063,drilling
síđustu,1063,press
eini,1062,only
öđru,1061,other
unniđ,1057,work
fyndiđ,1056,find
vatn,1055,water
hrifinn,1055,fond
allra,1053,everyones
rétta,1053,straighten
nũtt,1051,enjoyed
hata,1049,hate
Tom,1048,Tom
finnum,1048,find
alvara,1044,serious
drengur,1043,boy
réttu,1040,stretch
enda,1036,finish
besti,1034,best
ūurfti,1034,needed
gefiđ,1034,give
stelpur,1032,girls
Mike,1031,Mike
lifandi,1028,vivid
tveimur,1026,two
virđi,1025,worth
reyni,1024,try
gleymdu,1023,forget
kynnast,1022,become familiar/acquaint
bíđiđ,1022,Wait
krakkar,1019,kids
sleppa,1018,drop
komist,1018,being
verð,1018,rate
bæđi,1017,town
systir,1017,sister
velkomin,1015,welcome
nũ,1014,now
komið,1009,come
níu,1009,nine
fljķtt,1009,quick
sinnum,1006,times
nákvæmlega,1006,exactly
vildir,1006,wild
stund,1005,point
læra,1004,study
líst,1004,probably
opna,1003,open
skaltu,1001,please
ūarftu,1001,all
biđja,1000,bear
svara,999,answer
vann,998,won
sástu,995,did you see
virkar,990,works
ūarfnast,989,needed/zero
gamall,987,old
skipta,983,part
sũndu,982,studied
fleira,981,more
vitiđ,981,know
hrædd,979,scared
tiI,979,TII
hjálpađu,978,help me
afar,978,really
Drottinn,975,Lord
seint,973,late
stjķrn,972,star
fķlkiđ,972,phrase
drepiđ,969,kill
nokkrum,969,a few
mikil,967,great
missti,966,dropped
lögreglan,965,the police
augun,960,the eyes
heyrirđu,959,hear
g,958,g
væru,958,would be
dáinn,956,deceased
fékkstu,956,did you get
nafni,953,name
opnađu,952,open
systur,950,sisters
Eg,949,Me/I
dansa,949,dance
marga,949,many
bak,947,back
byssu,947,gun
margar,944,many
gefur,944,gives
gleyma,933,forget
næ,932,get
sérđ,931,see
ber,931,berry
stađinn,929,pole
greiđa,929,keep
míns,928,mine
ūrjár,926,spring
kaffi,925,coffee
einhverjum,920,somebody
hratt,919,raw
leyfi,917,permission
bera,916,endure
neinn,915,any
gamli,915,old
mikill,914,much
verđiđ,914,worth
niður,912,down
sakna,912,miss
ansi,912,foremost
finndu,910,find
þakka,910,thank
hjálpar,910,helps
Joe,909,Joe
né,909,nor
ári,909,demon
mķđur,907,mare
sjálf,906,ourselves
aō,905,oh
Paul,905,Paul
dömur,905,ladies
sannarlega,902,truly
Ben,902,Ben
snúa,901,twist
komu,899,came
mikið,897,much
sömu,897,same
dķttur,897,buried
sögu,896,story
elskar,895,loves
leit,895,search
stattu,894,stand
bũr,893,buoy
ūínar,893,yours
hætt,889,stop
náđ,889,completed
einum,888,single
litlu,888,little
gaur,884,dude
heimi,883,world
manninn,882,man
aftan,882,rear
mark,881,point
giftast,880,marry
Henry,880,Henry
velkominn,878,welcome
hverjir,877,who
komstu,871,did you come
munt,871,will
verk,868,business
sín,864,its
komi,862,visiting
ā,861,ā
nokkrar,859,a few
guð,858,God
efni,856,stuff
tíminn,856,time
yđar,855,YES
stađur,854,stick
flytja,852,relocate
selja,852,sell
farið,851,gone
vin,851,friend
raun,851,affliction
hin,849,the others
leikur,849,performance
fylgja,848,escort
farin,847,gone
fullt,846,full
mundu,845,remember
reynt,844,tried
mikla,843,much
loksins,843,finally
munum,843,remember
ūínir,842,you
færa,842,bring
land,842,land
Harry,842,Harry
áætlun,841,estimate
hugsađu,841,think
sjálfan,838,self
fætur,838,feet
degi,838,day
stúlka,838,a girl
drykk,837,drink
sumir,837,some
leik,836,game
vikur,834,weeks
komnir,834,come
breyta,833,vary
ūrjá,833,jer
hingað,832,here
friđi,831,free
hönd,830,hand
augu,829,eyes
megin,829,cross
brķđur,827,violation
ađrir,827,eager
góður,825,good
afsökunar,825,apology
verðum,823,must
fyrirgefðu,822,sorry
talađu,822,talk
hættiđ,822,manner
manna,822,man
reynir,821,tries
gengiđ,820,rate
geriđ,817,framed
sambandi,814,relationship
kynna,814,present
heitt,812,hot
hefði,811,would have
skildi,811,shoot
lífinu,808,life
trúir,808,believes
kvöldiđ,807,evening
æ,806,ever
síđast,805,here
mönnum,805,men
meinarđu,804,harm
ástin,802,Love
þessa,801,this
bíđur,801,Awaiting
sannleikann,801,the truth
skál,798,toast
sitja,797,sit
skyldi,795,should
byrjar,794,starts
stķra,794,stumble
sínu,791,of its own
pig,791,pig
komumst,790,people
ķvart,790,ķ
líkt,789,like
nærri,789,closely
mikilvægt,788,important
hrifin,788,flicry
heimili,788,home
löngu,787,long
skalt,786,shall
vinn,785,win
hvađan,785,where
sekúndur,784,seconds
slíkt,783,stuff
drepur,782,kill
auđvelt,781,easy
konuna,780,woman
áður,779,formerly
byrjum,779,start
son,778,son
sumt,778,some
öđruvísi,777,misize
dķttir,776,days
eigiđ,775,can't
foreldrar,774,parents
hluta,771,part
slakađu,770,relaxed
gærkvöldi,769,last night
huga,766,mind
sanna,765,prove
Nick,762,Nick
vissir,762,conscious
mætti,762,power
engum,760,nothing
fjögur,758,four
hinir,758,the others
Kate,756,Kate
dögum,754,days
drep,753,kill
aðeins,753,only
gættu,751,guard
sjálfum,751,self
símann,749,phone
gætu,748,could
viti,747,lighthouse
Billy,745,Billly
drífum,744,drive
skođa,744,view
James,744,James
byssuna,743,gun
athuga,743,observe
náum,743,neighbor
dala,743,valley
gerst,743,happened
elta,742,follow
talađi,741,speak
orđinn,741,word
nafniđ,740,name
Bob,740,BB
gerðu,739,make
ķttast,736,ķTa
velja,736,dial
lag,735,song
kjaftæđi,735,shock
Gjörđu,735,Did
gerđirđu,734,Gerđirđu
lést,734,died
tilbúnir,734,ready
passađu,734,fit
Dave,733,Dave
vænt,732,expected
snerta,732,touch
vernda,731,protect
dalir,730,valley
ūátt,729,yeah
náungi,726,guy
ljķs,726,ljķs
fólk,724,folk
fulltrúi,724,delegate
Eddie,723,Eddie
áriđ,721,year
the,720,the
segðu,717,say
gef,717,donate
ráđ,715,counsel
sver,714,swore
höfuđiđ,713,head
spurning,711,question
Alex,711,Alex
hausinn,711,head
ūremur,710,except
liđiđ,708,licess
spurningar,707,questions
tölum,707,figure
gleymdi,706,forgot
hvao,706,what
fallega,706,beautifully
vanda,705,problem
verkefni,703,project
ágætt,702,okay
fljķtur,701,quick
Ray,700,Ray
bũst,698,b -
kallar,698,calls
hina,697,the other
guđs,696,god
merki,695,signal
dauđa,695,dead
eigi,695,has
leyfa,695,let
heyrir,694,hear
eignast,694,acquire
verða,693,become
gjöf,692,presentation
stķrt,691,support
sendu,691,send
mörgum,690,many
mæta,689,meet
afi,688,grandfather
séum,688,be
stað,687,place
ferđu,687,travel
sent,686,send
guđi,684,god
laga,683,fix
hittumst,682,let's meet
nokkurn,682,some
upplũsingar,682,information
liggur,680,lies
tapa,679,lose
gömul,679,old
vilji,679,will
annað,677,other
samkvæmt,677,according to
skaut,676,lap
aIIt,675,aiit
áttir,675,direction
Tommy,675,Tom
fáiđ,673,receive
skilabođ,673,message
engir,672,none
heimurinn,672,the world
sök,671,fault
loka,670,latch
snemma,670,early
sammála,669,agree
leið,669,approach
sárt,667,wounded
ūíns,667,you
sũnist,666,illust
bíllinn,666,car
ráđa,666,instruments
hendurnar,666,hands
asni,666,donkey
árás,665,attack
séð,664,seen
amma,664,grandmother
endilega,664,preferably
orđin,663,word
stúlku,662,girl
milljķnir,661,millions
hvaða,660,which
keypti,660,bought
hátign,660,cease
hættir,657,stops
ánægđur,657,satisfied
hæđ,656,hi
Jones,656,Jones
eruð,654,feature
stöđva,653,stop
deyr,652,dies
greinilega,652,obviously
lítill,652,little
ræđur,652,ticket
tvisvar,650,twice
fífl,650,idiot
spurđi,650,inquire
lifir,648,live
setti,647,put
megum,647,can
fķru,647,equip
bjķr,646,be
minnar,646,mine
nálgast,646,approach
Max,645,Max
fylgjast,645,follow
horfđu,645,looked
hringt,644,call
fljúga,643,fly
andskotans,643,deviation
bķk,642,bķ
Ó,642,Oh
svæđi,641,aneemia
vopn,641,arms
hugsađ,640,think
lengra,638,further
meo,638,meo
seyđi,638,sec
gætirđu,637,could
segjum,637,Let's say
langađi,636,long
nũju,636,nostlid
Johnny,635,Johnny
stķđ,635,support
pví,635,with
áhrif,635,influence
rķleg,635,audible
lof,634,commendation
trú,633,belief
vissirđu,633,did you know
gerirđu,633,makes you
passa,632,fit
fjķrir,632,distance
einhverja,632,some
smástund,631,little while
Halló,630,Hello
ljúga,629,deceive
jafn,628,equal
kringum,628,around
verra,628,worse
hvíta,628,white
loft,627,air
klára,626,complete
þessum,626,these
gķđar,625,god
skot,624,shot
Mary,624,Mary
vissulega,624,certainly
herinn,623,army
sést,623,notice
fór,623,went
las,622,recover
viõ,622,We
landi,622,land
ūoli,622,ūoli
sennilega,621,probably
fyrsti,620,first
spyr,619,ask
stela,619,steal
ævi,618,life
sett,618,set
tķnlist,618,examination
laus,617,detachable
gleđur,616,glare
breytt,615,changed
kæmi,615,would come
þitt,614,your
leiđin,614,tide
fundum,614,meet
ūekkirđu,614,ūekirđu
bæ,614,bye
seinn,613,late
sást,613,are seen
þeirra,612,their
ūriđja,612,year
vitni,612,witness
Bill,611,Bill
sæktu,611,Look
stelpu,610,girl
gerði,609,did
tveggja,609,two
k,609,k
Jimmy,607,Jimmy
dollara,607,dollar
saga,607,tale
föt,606,clothing
Žice,606,Žice
fékkst,605,got
hefurðu,605,do you have
getir,604,capable
borgar,604,pays
segist,604,sore
lögga,604,cop
Rippađ,603,Rippre
blķđ,600,page
gerđum,599,brother
ríđa,598,rise
stoltur,597,proud
eyđa,596,destroy
Hamingjan,594,Happiness
valdi,593,chose
Washington,593,Washington
höndum,593,load
skķlanum,592,ski
húsi,592,house
áttum,591,wish
sérstaklega,591,especially
höndina,590,hand
augum,590,eye
Anna,589,Anna
notađ,588,use
sendir,588,send
hrađar,588,speed
hvorki,588,neither
treysta,587,trust
skila,585,return
bréf,585,correspondence
Peter,584,Peter
Jim,584,Jim
vinnuna,584,work
skķla,584,possess
algjör,583,complete
hlauptu,582,run
ofursti,582,colonel
bæta,581,patch
keyra,581,drive
hittir,579,meet
rúmiđ,578,bit
kjafti,578,cast
neinu,577,anything
samūykkt,576,the same
sũnir,576,sensual
lítil,576,small
skemmta,576,entertain
vid,575,we
fast,574,solid
fjölskylda,574,family
ūekkja,574,yokka
viđbķt,573,viđbķt
kostar,572,costs
reiđur,572,tranter
metra,572,meter
stjķrna,571,star
lík,571,corpse
anda,571,breathe
skjķttu,571,shaved
manneskja,570,character
myndu,570,would
Richard,570,Richard
stríđ,569,tendency
rassinn,568,assposed
tík,568,bitch
ađstođ,567,ađstođ
ūaõ,565,ūaõ
kallast,564,called
mest,564,most
rétti,564,court
Iagi,564,Strain
svarađu,563,reply
drífa,563,not
ūinnar,560,its
treysti,559,trust
sætt,559,cute
draga,559,pull
háriđ,558,hair
hiđ,557,here
auðvitað,557,of course
vandræđum,556,trouble
skotiđ,556,shot
minnst,555,least
veginn,554,weigh
einni,554,single
værum,554,would
heiminn,554,world
eilífu,554,forever
bjķ,553,live
flũttu,553,flip
suđur,552,south
fljķtlega,551,quickly
stjķri,551,star
sinna,551,take care of
jķl,550,jķl
virđingu,550,respect
vitađ,549,know
virtist,548,seemed
stöđu,548,stand
segiđ,547,say
hverja,547,who
andartak,547,instant
borgađ,547,pay
sjáðu,546,see
borg,546,city
fķrst,545,before
stúlkan,545,the girl
heppinn,545,lucky
bođiđ,545,offer
Chris,543,Chris
hverfa,542,vanish
morđ,541,mour
hugsar,540,thinks
algjörlega,540,quite
snúđu,540,spin
Amy,539,Amy
Martin,539,Martin
hlaupa,539,run
hins,539,on
heitirđu,539,called
međal,538,med
dáin,538,dead
vi,538,we
drífđu,537,engines
báđir,537,both
norđur,536,northern
kalt,535,cold
þennan,534,this
losna,532,release
forseti,532,president
fullkomiđ,531,perfect
syngja,531,sing
Matt,531,Matt
Heyrðu,531,listen
fela,531,hide
hvor,530,which
muna,530,remember
vara,530,abide
þína,530,your
éta,529,eat
lít,529,colour
skrifađi,528,written
sögđu,527,said
hugsađi,527,think
hliđ,527,side
peningar,526,money
minnsta,526,least
misst,526,lose
bráđum,526,soon
glas,526,glass
sofiđ,525,sleep
fjölskyldan,525,the family
hvergi,525,nowhere
skrítiđ,525,indignation
strákurinn,524,the boy
starfiđ,524,work
Kevin,523,Kevin
neinum,523,anyone
fķrum,523,favor
hættur,523,quit
muni,523,will
langan,522,long
ķska,522,ķSka
verđurđu,522,worth
Walter,522,Walter
símanum,522,phone
lokum,521,close
hefđum,520,have
hringir,519,rings
reka,519,operate
djúpt,518,deep
bar,518,bar
breyst,518,changed
ä,517,Ä
einfalt,517,simple
klukkutíma,517,hour
ljúka,516,terminate
fengum,516,got
u,516,u
lagiđ,515,song
grein,515,article
frænda,515,cousin
lenti,514,landed
gráta,514,cry
spennandi,513,exciting
sæki,513,gain
reiđ,513,rid
svariđ,513,answer
vinnunni,513,the work
gömlu,512,old
skipiđ,512,ship
gķđir,511,god
notar,511,uses
ūekkti,510,ūek
kynlíf,510,sex
s,509,s
Tony,509,Tony
hundur,508,dog
ķūarfi,508,ķFar
síðan,508,since
andlit,507,face
frétti,507,news
helvíti,507,hell
Danny,506,Danny
ástæđu,506,beloved
Joey,505,Joey
ūakkir,505,ūakkir
rödd,505,voice
allur,504,all
fannstu,504,did you find
matur,503,grub
starfi,503,pursuit
lesiđ,502,read
hefđu,501,hearing
bæinn,501,the town
vitir,501,know
heiđur,500,here
fyrrverandi,500,ex
tel,499,concede
slá,499,mow
frænka,498,cousin
lögregluna,498,police
vinkona,498,friend
Tim,497,Tim
hár,497,tall
sjálfsagt,497,of course
falla,496,tumble
ungur,496,young
bauđ,495,wonder
varđandi,495,bearing
miklum,495,great
eldri,495,elder
ábyrgđ,494,guarantee
fyrirgefiđ,494,forgive
tré,494,wood
gleymt,494,forget
far,493,print
sömuleiđis,493,likewise
pá,493,town
framar,492,beyond
einskis,492,vain
William,491,William
kanna,491,survey
milljķn,490,mill
grín,490,comedy
lög,490,law
félagar,489,companions
prķfa,489,try
einnig,489,also
Charles,489,Charles
rúminu,489,bed
leggđu,489,lay
veg,488,road
skođun,488,view
skotinn,488,shooting
ókei,487,okay
útskũra,487,share
legg,486,place
konunni,486,woman
fyrramáliđ,486,early
svoleiđis,486,kind
rķlega,486,wonderfully
náiđ,486,acquire
hreint,486,clean
stķri,485,stiff
paō,485,paō
fallegur,485,beautiful
líkist,484,resemble
Lee,484,Lee
stefnumķt,483,appointment
frí,483,holiday
fínn,482,exclusive
Jake,482,Jake
myndum,482,films
fjandann,482,hostile
vandræđi,482,problem
kemurđu,482,come
allavega,482,at least
fé,482,money
trufla,480,disturb
pakka,480,pack
liđi,479,live
skrũtiđ,479,junk
andlitiđ,479,facial
bíll,478,automobile
kærlega,477,dearly
skip,477,ship
tekst,477,manual
gift,476,married
vaknađu,476,waking up
hverri,475,every
geturðu,475,can you
búnir,475,bomb
London,475,London
hart,475,hard
skjķtiđ,474,blaze
leyndarmál,473,secret
borginni,473,city
reynum,473,try
matinn,473,the food
fķrstu,472,feather
vél,471,machine
km,471,km
gang,471,course
hjartađ,470,heart
Arthur,470,Arth
aó,470,ao
þínum,470,your
meta,470,appreciate
Robert,469,Robert
málinu,469,the case
slæm,469,bad
máttu,469,could
fjölskyldunni,469,family
tuttugu,469,twenty
vina,468,friends
fái,468,receive
ađstođađ,467,Antođađa
fullur,467,drunk
röđ,466,displacement
byrjađi,466,start
treystu,465,trust
mikinn,465,much
manninum,464,man
flottur,463,cool
Steve,462,Steve
nũjan,462,nũjan
hét,461,was called
horfir,461,prospect
foreldra,461,parent
sál,460,soul
dũr,460,dũr
myndirđu,460,would
Bandaríkjanna,460,US
líđa,460,sorry
Kærar,460,Appeal
San,459,Extra
herbergiđ,459,room
ákvörđun,458,decision
héIt,458,heard
þangað,458,there
la,458,lay
breytir,457,modify
verja,457,defend
skít,457,shit
rætt,456,discussed
veikur,456,sick
hlut,456,share
treyst,455,trust
dásamlegt,455,wonderful
spyrđu,455,ask
telja,455,presume
venjulega,454,usually
e,454,e
kosti,454,option
ákveđiđ,453,definite
yfirleitt,453,usually
slys,453,accident
svalt,453,cool
Gary,452,Gary
ástæđa,452,beloved
ķhætt,452,ķ HAIP
frjáls,451,free
setjast,451,sit down
Chicago,451,Chicago
virđast,451,seem
framhjá,451,by
hræđilegt,451,pure
kæri,451,Dear
miđa,451,age
athygli,450,attention
manneskju,450,human
gaurinn,450,guy
loks,449,finally
kyssa,449,kiss
B,449,B
tilfinningar,449,feelings
Will,448,Will
bjķst,448,be sure
lifađ,447,live
sigra,447,conquer
pad,447,pad
náunga,447,neighbor
vatniđ,447,water
ūögn,447,wagon
ástæđan,446,affection
ættu,446,should
rosalega,446,very
viljir,446,will
liđ,445,li
tæki,445,appliance
stúlkur,445,girls
fáránlegt,444,ridiculous
set,444,farm
brjálađur,443,crazy
myndina,443,the picture
vinum,443,friends
lagt,442,lake
starfa,442,work
heldurðu,441,Do you think
fljķt,441,fljķt
þurfum,441,need
stolt,440,pride
klár,440,smart
sumar,440,summer
peningum,440,money
detta,440,fall
stađiđ,439,stole
svangur,439,hungry
lifi,438,live
giftist,438,married
sæt,438,cute
fyrra,438,last year
yfirmađur,438,poll
sætur,437,cute
þarft,437,need
sprengja,436,bomb
annarri,436,another
Adam,435,Adam
frelsi,435,freedom
skipstjķri,434,captain
losa,434,unload
telur,434,think
situr,433,sit
þannig,433,thus
fylgist,432,follow
dķmari,432,Dķmari
trúđu,432,believe
Smith,431,Smith
hættulegt,431,Dangerous
hafði,430,had
vinsamlegast,430,please
viđskipti,430,exchange
Sarah,430,Sarah
æđislegt,430,easy
náunginn,429,guy
eflaust,429,no doubt
birtist,428,Appears
FBI,428,FBI
sein,427,late
snúiđ,427,twist
dreptu,427,kill
leikinn,426,proficient
ūreyttur,425,tended
doktor,424,doctoral
stal,424,stalk
hreyfa,424,move
dagar,424,days
krakki,424,kid
kenndi,423,tought
bíđ,423,Worth
miđađ,422,milestone
ūurfiđ,422,ūurfi
bjargađ,422,rescue
syni,421,sons
mánuđum,421,months
stærri,420,bigger
Scott,420,Next
aldri,420,9
stig,419,phase
minnir,419,remind
flũja,419,buoy
ásamt,418,combined
ũmislegt,418,mimic
hershöfđingi,418,general
gastu,418,when
fylgdu,418,follow
hommi,417,gorm
semja,417,negotiate
auga,417,eye
stelpan,416,girl
lokađ,416,closure
Thomas,416,Thomas
skķlann,416,skull
hring,416,ring
liđūjálfi,415,liđū
meiđa,415,This
nokkru,414,now
bũ,414,bundle
frétta,414,news
Jess,413,Jess
skrifađ,413,writing
vakna,413,wake up
félaga,413,partner
bjargađi,412,rescue
berja,412,beat
Stan,412,Town
bíđum,412,Worth
íbúđ,411,residential
aldeilis,411,quite
fæddist,411,was born
heila,411,whole
skyndilega,410,suddenly
skera,410,intersect
fjķrar,410,fartur
setur,409,seats
sagan,409,the story
ensku,409,English
gæta,409,guard
hægan,409,slow
lenda,409,land
yngri,409,junior
Gleđileg,408,Fun
leitar,408,search
hjálpiđ,407,helper
fyrirtæki,407,firm
stelpurnar,407,the girls
Texas,407,Texas
þykir,407,seems
fötin,406,the clothes
veđja,406,conflate
bķkina,405,Bķkina
t,405,t
heyriđ,405,hear
versta,405,worst
stjķrnar,404,star
reykja,404,smoke
nóg,404,enough
auli,404,idiot
nægir,404,enough
tķku,403,tķku
leiđir,403,paths
veita,403,bestow
ung,402,young
lífs,402,life
hendi,402,hand
braut,402,track
bad,402,bath
flestir,402,most
varđar,401,heather
héðan,401,from
ánægđ,401,satisfaction
indælt,401,wonderful
mínútum,401,minutes
vikum,400,weeks
ķvænt,400,ķ
tķlf,400,tķlf
sérstakt,399,special
hetja,399,hero
fund,398,meeting
fellur,398,fallen
byssur,398,guns
upptekinn,398,busy
hundrađ,398,hundreds
konungur,397,king
fyrri,397,former
títt,397,frequent
ferđast,397,traveled
Kaliforníu,396,California
kærasta,396,girlfriend
notum,396,uses
fjölskylduna,396,family
voruđ,396,were
Jerry,395,Jerry
hreinu,395,clean
ljķst,394,lin
heita,394,pledge
númeriđ,394,number
sefur,393,sleeps
hissa,393,surprised
ūađan,392,since
eyđileggja,392,sprinkle
kannt,392,may
berst,392,fight
Vegas,391,Vegas
bull,391,nonsense
götunni,391,the street
Los,391,Released
augunum,391,eyes
verst,390,worst
framtíđ,390,forward
hirđi,390,her
draumur,390,dream
kanntu,389,may you
piltar,389,boys
ūykist,389,urise
hefst,389,begin
fín,389,fine
mikils,389,great
o,389,o
Annie,389,Annie
herberginu,389,the room
kl,389,at
verki,388,work
svar,388,answer
sat,388,sit
muniđ,387,will
dagurinn,387,the day
vinnum,387,contact
lũkur,387,flaw
dettur,387,sew
líkama,386,body
hvad,386,what
megi,386,may
keppni,386,competition
stræti,386,street
elskađi,385,love
hlæja,385,laugh
hlustiđ,385,listen
gakktu,385,ensure
hafið,385,sea
sannleikurinn,385,the truth
vit,384,knowledge
Larry,384,Larry
löggan,384,cop
gerðist,384,happened
bũđur,384,both
stutt,384,bulletin
varð,383,became
Lucy,383,Lucy
forsetinn,383,the president
kæra,383,accuse
dáiđ,383,coma
passar,383,fits
kasta,382,throw
vildu,382,wish
tímum,381,times
skildu,381,divide
Rosie,381,Rosie
Fred,380,Fred
veldur,380,causes
kallađi,380,call
fífliđ,380,fool
ūeirri,379,Year
missir,379,loss
kallađu,379,call
leiđinlegt,379,retinal
aka,379,drive
París,378,Paris
Jason,378,Jason
Phil,378,Phil
stađnum,378,style
njķta,378,use
hljķđ,377,sound
skref,377,step
æfa,377,rehearse
færir,377,moves
góða,377,good
ræđ,377,robbery
yfirgefa,377,desert
aumingja,376,poor
haldið,376,held
fylgir,376,follows
málum,376,issue
möguleika,376,possibility
handan,376,beyond
afmæli,375,birth
mála,375,paint
sũnt,375,who
baki,375,back
flugvél,375,airplane
virka,375,function
stķrkostlegt,374,stutter
leysa,374,solve
grafa,374,engrave
Dan,374,Dan
hálfviti,373,moron
Jeff,373,Jeff
hermenn,373,military
ūyrfti,373,ūyfti
leggur,373,leg
Angeles,372,Angeles
hlutir,372,things
de,372,de
liggja,372,lie
borđiđ,372,eating
strákarnir,371,the boys
efast,371,doubt
brenna,371,burn
konum,371,women
pláss,371,space
bræđur,370,bridge
stoppađu,370,stop
lestu,370,read
her,370,army
heimskur,369,stupid
Jane,369,Jane
y,369,y
síđasti,368,ever
mennirnir,368,the men
ömmu,368,grandmother
jķlin,368,jķlin
stađurinn,368,pole
stend,367,stand
tengist,367,related
stundu,367,moment
krakka,366,kid
síminn,366,phone
sundur,366,apart
val,366,selection
kennt,366,taught
fengi,366,get
horfiđ,366,prospect
Julie,366,Julie
fjķrum,366,distance
ur,365,wood
kunna,365,know how
Barry,364,Barry
djöfullinn,364,devil
finniđ,364,find
heimskulegt,364,idiotic
hjálpi,364,help
greina,364,analyze
stķru,364,stiff
verđir,363,worth
heimsķkn,363,world
sífellt,363,continually
Schmidt,363,Schmidt
stefnu,363,determination
majķr,362,majķr
haldi,362,restriction
ūurfi,362,dust
kallađ,362,call
ætlarðu,362,Do you think
Taylor,362,Taylor
keypt,362,bought
Louis,362,Louis
heimsins,362,world
rugl,361,stuff
bjáni,361,fool
jörđinni,361,earth
deila,361,argue
Beth,361,Beth
ís,360,ice
Mexíkķ,360,Mexic -
manst,360,remember
gifta,360,marry
veitt,359,given
skrifstofunni,359,office
helst,359,rather
Ned,359,Ned
lent,359,lip
undarlegt,359,strange
meinti,359,mean
ūreytt,359,reunited
lokađu,359,closure
gķđi,358,god
hvarf,358,disappearance
peningarnir,358,the money
egg,358,egg
illt,357,Evil
forđast,357,avoid
skrifstofu,357,office
fjķra,357,far
ūekkt,357,'
notađu,357,use
hélstu,356,main
vitleysu,356,nonsense
dyr,356,door
endar,356,end
unga,356,young
klukkustund,355,hour
vandamáliđ,355,problem
sínar,354,in his own
dauđ,354,dead
peir,354,peers
Ameríku,353,America
sjálfsögđu,353,grasp
ánægju,353,satisfaction
kílķmetra,352,meter
lest,352,train
nũr,352,nũr
fengið,351,gotten
Edward,351,Edward
partí,351,party
handtekinn,351,arrested
auk,351,plus
hæfileika,351,talent
frammi,351,facing
svarar,351,answers
van,350,van
skemmtilegt,350,fun
mínútu,350,minute
hljķta,350,listen
biddu,350,wait
heilsa,350,health
bátinn,350,boat
löng,349,long
fært,349,moved
svæđiđ,349,anesthetic
megiđ,348,may
faðir,348,father
sjái,348,sear
vekja,348,Wake up
stöđugt,348,insane
öryggi,348,security
féll,347,fell
ástfanginn,347,in love
ástfangin,347,in love
skuli,347,shall
líður,347,feeling
stoppa,347,stop
ūriggja,347,a large
ungi,346,young
áđan,346,present
drepinn,346,killed
gluggann,346,window
Shaw,345,Shaw
drengurinn,345,boy
nótt,345,night
ūvi,344,vs
viō,344,viō
elda,344,Cook
vissu,344,certain
valda,344,inflict
giftur,344,married
fjarri,344,far
læknirinn,343,the doctor
náđum,343,acquire
höfđu,343,head
höfđinu,343,the head
ķmeiddur,343,ķMast
valiđ,342,selection
Carter,342,Carter
fréttirnar,342,the news
biđst,342,beast
heyrđirđu,342,hearing
breytist,342,changes
sögur,342,stories
skíthæll,342,pos
full,342,full
kraftaverk,342,miracle
fína,341,fine
sjķnvarpinu,341,TV
dæmis,341,for example
daglega,341,daily
spurningu,341,question
mesta,340,greatest
svaf,340,slept
hlustar,340,listening
krakkarnir,340,the kids
nokkuð,339,somewhat
hundinn,339,dog
ræna,339,hijack
eitthvert,339,something
lögin,339,the law
hliđina,339,side
l,338,l
dķtiđ,338,dķti
hærra,338,higher
heill,338,whole
heyrđir,338,hear
trúirđu,338,belief
taki,338,arrove
vatni,337,water
báđum,337,both
gast,337,shot
Johnson,337,Johnson
ævinni,337,life
áhugavert,337,interesting
brátt,336,soon
lofađi,336,promise
góð,336,good
vélinni,336,the machine
tryggja,336,consolidate
kosta,336,cost
notađi,336,use
drapst,336,destroy
séns,336,chance
lagđi,336,repair
skiptum,336,changed
ūingmađur,336,ūingma |
al,336,al
snertir,335,concerns
leyfir,335,allows
mánuđ,335,month
bardaga,335,battle
rekinn,335,fired
allri,335,all
ímyndađ,335,imagination
slæmur,335,bad
lyf,335,drug
höfuđsmađur,334,head
skrá,334,list
andađu,334,spirit
sterkur,334,forceful
sælir,334,happy
síma,333,phone
viljađ,333,will
mestu,333,most
hleyptu,333,let
krefst,333,demands
taliđ,333,talk
s,333,s
bođ,332,bid
spurninga,332,question
lögguna,332,cop
sleppiđ,332,escape
fagna,331,celebrate
spurningin,331,the questions
stinga,331,stab
háskķla,331,college
veik,331,sick
elsku,331,Dear
hinna,331,the other
skemmtun,330,amusement
byssunni,330,gun
geng,330,walk
hafđir,330,had
vitlaus,330,wrong
söguna,330,story
sami,329,same
hættum,329,hazard
nķttina,329,night
vinan,328,friend
síns,328,his
ķtrúlega,328,delightful
Kína,328,China
stoliđ,328,stole
Wayne,327,Wayne
miklar,327,great
peningunum,327,money
reglur,327,rules
einmana,327,lonely
yrđir,326,mine
tímanum,326,a while
te,326,tea
ömurlegt,326,awful
mega,326,meal
hamingjusöm,326,happy
hlýtur,326,must
ekkĄ,326,vidal
hernum,326,army
Greg,325,Grim
kynni,325,acquaintance
gefst,325,get
leitađ,325,search
velta,324,roll
lífsins,324,life
meinar,324,means
rannsaka,324,research
alvarlegt,324,serious
horft,323,Look
viI,323,VII
neita,323,deny
slökktu,323,off
vestur,323,west
tveim,323,two
jafna,323,even out
skiptiđ,323,replacement
hlaupiđ,323,run
stefna,323,summons
annast,322,take care of
gerđ,322,or
lært,322,learned
fyndinn,322,funny
stúlkuna,322,girl
snillingur,322,genius
v,322,v
næsti,322,near
par,322,couple
finnurđu,322,Finding
sofandi,322,asleep
ei,322,no
landiđ,322,country
örugg,321,safe
hatar,321,hate
mögulegt,321,possibly
med,320,with
alvarlega,320,serious
beygđu,320,bent
les,320,read
Brian,319,Brian
byggja,319,build
ūörf,319,nerve
taldi,319,count
elti,319,chase
löggur,318,cop
foringi,318,captain
ætliđ,318,supposed
lyklana,318,the keys
slaka,318,damage
vakandi,318,awake
kallađur,318,prospect
síđur,318,fine
frétt,317,news
fremur,317,somewhat
ūætti,317,aim
breytast,317,convert
einhverjar,316,some
ekta,316,True
lagađ,316,advice
málið,316,the case
fugl,316,bird
fastur,316,solid
blessađur,316,bless
austur,316,eastern
einasta,316,solitary
hlutina,315,things
opnar,315,will
Dylan,315,Exhaust
glæsilegt,315,elegant
stríđiđ,315,war
karl,315,man
stķđst,315,arrow
reynslu,315,experience
virðist,315,seems
reglurnar,315,the rules
blķm,314,blķm
ennþá,314,yet
lækni,314,doctor
nöfn,313,names
flug,313,flight
ūegja,313,contribute
ákveđa,312,decide
Bobby,312,Bobby
banka,312,knock
hringinn,312,ring
lykt,312,scent
hlakka,311,look forward to
skuldar,311,debt
góðan,311,good
segirðu,311,do you say
hist,311,met
gafst,311,gave
hķteliđ,311,Hķteliđ
Bruce,310,Buce
pissa,310,Pee
farir,309,commission
safna,309,collect
nokkrir,309,several
hlutum,309,things
henda,308,throw
rannsķkn,308,research
stundir,308,hours
gķđum,308,Gķ
Kelly,308,Kelly
helgina,308,the weekend
bækur,307,books
hvaõ,307,what
prķfessor,307,prķfessor
leiđa,307,trauma
þessari,307,this one
skipun,307,commandment
Willie,307,Willie
sjálfa,307,once
ađrar,306,a other
annarra,306,otherwise
réttum,306,dish
ráđast,306,tern
málin,306,matters
ķtta,306,ķtta
ķmögulegt,305,ķShangable
hálft,305,half
hita,305,heat
efa,305,doubt
ætlađ,305,plan
Kristur,305,Christ
fást,305,obtain
drengir,304,boys
fjarlægđ,304,remove
setjiđ,304,sit
séra,304,Reverend
kvöldi,304,evening
gjarnan,304,density
ferð,303,journey
örlög,303,destiny
ķkeypis,303,with free
pund,303,pound
hķpinn,303,delay
sanngjarnt,303,fair
horfi,303,watch
gefast,303,deviate
hugmyndir,302,ideas
hlutverk,302,function
kærastan,302,boyfriend
rífast,302,quarrel
fáir,302,few
Sir,302,Sir
hķpur,302,part
munninn,301,mouth
Rose,301,Rose
yđur,301,YES
ūurft,301,>
búið,300,done
Bandaríkjunum,300,USA
bú,300,farm
mannsins,300,man
leyft,300,allowed
sáum,299,saw
ættuđ,299,should
skipt,299,changed
öruggt,299,safe
hund,299,dog
rænt,299,kidnapped
strákinn,298,boy
leiknum,298,the game
segđi,298,tell
hundruđ,298,hundreds
orðið,298,the word
fáviti,298,idiot
vanur,298,used to
kærastinn,298,boyfriend
stopp,298,stop
skũt,298,shoot
fylgstu,298,you
urđu,298,war
deild,297,section
stökkva,297,skip
Bandaríkin,297,USA
nũlega,297,pretty
eđlilegt,297,deliberate
bũđ,297,bũ
höfđum,296,heads
ákvađ,296,determined
ljķsin,296,ljķsin
fķlkinu,296,The people
amen,296,amen
svarta,296,black
hálftíma,295,half an hour
skilst,295,divorce
sũni,295,singles
vinkonu,295,girlfriend
laug,295,pool
blanda,295,mix
líkur,295,similar
eytt,294,delete
fķlks,294,folks
frænku,294,aunt
Marley,294,Marley
byrjađ,294,begin
brjķta,294,break
mætir,293,attend
kort,293,card
horfđi,293,prospect
Sean,292,Sean
Rachel,292,Rachel
stríđinu,292,the war
stansađu,292,stop
svæđinu,292,anesthesia
Kyle,291,Kyle
saklaus,291,blameless
landinu,291,country
sýna,291,demonstrate
bannađ,291,ban
samning,291,contract
tíđ,291,time
synda,291,swim
útilokađ,291,exclude
borđađ,291,dinner
lofti,291,air
loftiđ,290,air
texti,290,text
ūrátt,290,harmony
lygi,290,lie
Afríku,290,Africa
karlmenn,290,men
Jenny,290,Jenny
fyrirtækiđ,290,corporation
heimur,290,world
skammast,290,be ashamed of
Brad,290,Brad
sturtu,289,shower
flũta,289,float
nærđ,289,force
vitlaust,289,wrong
St,289,St
hrađa,289,inclusive
húfi,289,stop
kæmir,288,would
hálf,288,half
blessi,288,goodbye
fundu,288,found
bekk,288,bench
farnir,288,will
líkađi,288,also
hittast,288,meet
raunverulegt,287,real
Miller,287,Miller
deyjum,287,dy
selt,286,sold
boltann,286,ball
heppin,286,lucky
Simon,286,Simon
spennt,286,excited
vélin,286,machine
leiđina,286,route
dreymdi,286,dream
blķđi,285,blom
skítsama,285,dirty
verri,285,worse
afa,285,Grandpa
dũrka,285,dar
Alan,285,Alan
Claire,285,Claire
börnum,285,children
Tyler,285,Tyler
skilađu,285,return
kveđja,284,selection
nũi,284,nod
slást,284,fight
lærđi,284,learned
göngum,284,tunnel
föst,284,stuck
sagðir,284,said
köllum,284,comply
hundurinn,283,dog
látinn,283,dead
krakkana,283,kids
bil,283,interval
dæmi,283,example
reiđi,283,rem
æđi,283,season
leyfiđ,283,license
stķran,283,solid
spenntur,282,excited
byrjađu,282,start
kvöldmat,282,dinner
meistari,282,champion
setjum,281,set
Parker,281,Parker
leikiđ,281,acting
áhættu,281,risk
hugrekki,281,courage
höfuđ,281,head
brúđkaupiđ,281,bridal
flogiđ,281,mission
oftar,281,more often
aumingi,281,loser
störfum,280,work
ríkur,280,rich
veitir,280,provides
kannast,280,recognize
töskuna,280,bag
tilbúiđ,280,ready
kynntist,280,got to know
skipinu,280,ship
dregur,280,draw
hreinsa,279,clear
lũgur,279,prospect
hálfa,278,half
aô,278,aô
helvítiđ,278,hell
gleymi,278,forget
tilviljun,278,chance
missi,278,loss
ūu,278,ūu
örlítiđ,278,service
hinu,278,the other
djöfulsins,277,devil
hķtel,277,hķtel
Holly,277,Holly
Daisy,277,Daisy
vald,277,authority
meðan,277,while
Roger,277,Roger
Elizabeth,277,Elizabeth
ætlađir,277,towards
ūola,277,oola
ann,277,otherwise
Andrew,277,Andrew
tilheyrir,277,belongs to
barist,277,fight
metrar,276,meter
dyrunum,276,door
lygari,276,liar
öskra,276,scream
Julian,276,Julian
myndin,276,the picture
betta,276,consisted
hķtelinu,276,Hķtel
fķgeti,276,district
ūökk,276,ūak
garđinum,276,garden
fullkomin,276,perfect
ķgeđslegt,275,ķGeff
éttu,275,eat
borgađi,275,pay
Aaron,275,Aaron
kynnst,275,met
sönn,274,True
kunni,274,beauty
hálsinn,274,throat
grunađi,274,suspect
hleypa,274,shut
stefnir,274,stomp
heimsækja,274,visit
myndarlegur,274,handsome
þinni,274,your
Susan,274,Sose
Rick,273,Rick
lítinn,273,little
vélmenni,273,robot
ljķsiđ,273,light
biđur,273,bear
verum,273,beer
tók,273,took
fullkomlega,273,entirely
beiđ,273,be
ströndinni,272,beach
drepum,272,kill
fķIk,272,fķik
tilraun,272,attempt
strák,272,boy
hugsanlega,271,possibly
lögreglunni,271,police
stríđi,271,war
Betty,271,Bety
spjalla,271,chat
Ed,271,Ed
synd,271,sin
götu,271,street
vitleysa,271,nonsense
styrk,271,strength
stjarna,270,star
indæll,270,nice
mundi,270,would
d,270,d
lögum,270,layer
ūjķđ,270,ūjķ
byrjun,269,beginning
Russell,269,Russell
Jay,269,Jay
r,269,r
þýðir,269,means
Mac,269,Mac
maturinn,269,the food
vín,269,wine
skũtur,269,shut
Doug,269,Date
bakiđ,269,rear
drápu,268,kill
uppnámi,268,upset
árin,268,years
L.A.,268,LAY.
C,268,C
afmæliđ,268,anniversary
rass,268,bum
langa,268,to want
ūessara,268,this
sigur,268,win
skrifađu,268,write
ræđum,268,precursor
lendir,267,lands
djöfull,267,devil
látið,267,embedd
glađur,267,intensity
netinu,267,internet
kærustu,267,girlfriend
vissum,267,sure of
fylgiđ,267,aggression
lista,267,list
ađstæđur,267,involved
fæturna,267,leg
vió,266,vo
heil,266,whole
kveikja,266,ignition
yndislegt,266,wonderful
gestur,266,visitor
leyti,266,part
upphafi,266,beginning
myndinni,266,image
sũndi,266,solution
hrein,266,clean
skrifar,265,writes
sleppt,265,released
eiginkonu,265,wife
ávallt,265,ever
fķtinn,265,fog
myndirnar,265,the pictures
stakk,265,jump
kafteinn,265,cable
rauđa,265,red
spurt,264,asked
dæma,264,convict
sleppum,264,release
prinsessa,264,princess
dans,264,dance
viskí,264,whiskey
kapteinn,264,captain
guđanna,264,god
stunda,264,conference
nefiđ,264,nose
ánægjan,264,satisfaction
prķfađu,263,try
hvíla,263,rest
kíkja,263,glance
f,263,f
renna,263,slip
trúđi,263,believe
fullu,263,full
höndunum,263,hands
ættirđu,263,should
ánægja,263,cheer
Houston,263,Houston
ráđiđ,263,conference
gamalt,262,old
hljķtt,262,listen
skapa,262,create
miður,262,middle
stríđa,262,war
bilađur,262,report
Carl,262,Car
borgina,262,city
vegar,262,with
Jersey,261,Jey
spá,261,forecast
fulla,261,full
gestir,261,guests
mķttekiđ,261,mķTeki
misstir,260,lost
Daniel,260,Daniel
snũr,260,snũ
mynda,260,form
heimska,260,stupidity
Maggie,260,Maggie
litiđ,260,color
Eric,260,Eric
brandari,260,joke
Hollywood,260,Hollywood
muntu,259,will you
vildirđu,259,valid
borđar,259,roasters
þó,259,though
veru,259,presence
pening,258,money
dauđinn,258,dead
slökkva,258,turn off
skiljiđ,258,divorce
heims,258,world
morgunmat,258,breakfast
sķlin,258,sķlin
Alice,258,Alice
leggstu,258,lie
hefðir,258,traditions
eld,258,fire
lestinni,258,train
eldur,258,fire
kassa,257,box
ūinna,257,my
handtaka,257,arrest
veiđa,257,wave
mars,257,March
fyrstur,257,initial
ūolir,257,so -
eldhúsinu,257,kitchen
skilið,257,understood
ūų,257,ų
etta,257,Etta
Terry,257,Terry
sendum,257,send
undirbúa,257,prepare
drasl,257,stuff
starfinu,257,the work
hræđilega,257,terribly
heillandi,257,charming
þótt,256,although
búum,256,lives
Evrķpu,256,Igķpu
flķkiđ,256,flash
finnast,256,feel
dey,256,die
svöng,255,hungry
Pete,255,Pete
breytti,255,changed
hlé,255,pause
eđ,255,or
ellefu,254,eleven
Turner,254,Turner
lausn,254,solution
skiljum,254,divorce
álit,254,reputation
hermađur,254,simulator
bjargar,254,saves
héldum,254,kept
leyfðu,254,let
viđbúnir,254,suppressed
stöđvađ,254,position
hentar,253,suits
Helen,253,Glory
dagsins,253,day
feginn,253,relieved
vildum,253,kind
barninu,253,baby
skrifstofuna,253,office
stærđ,253,magnitude
hlutirnir,252,things
náđirđu,252,acute
Dean,252,Dean
fullkominn,252,perfect
sterk,252,strong
fylla,252,fill
Íslenskur,251,Icelandic
maðurinn,251,the man
spilar,251,plays
sár,251,wound
bein,251,bone
myrti,250,murder
Ryan,250,Ryan
einhverri,250,some
fljķtir,250,float
stöndum,250,stand
einungis,250,only
ferđinni,250,tours
stöđ,249,stand
Sara,249,Sara
ljúfur,249,sweet
verđlaun,249,prize
leggjum,249,leg
Ronnie,249,Ronnie
sterkari,249,stronger
međferđ,249,during
fengu,249,got
Afsakið,249,sorry
endurtek,248,reiterate
horfinn,248,disappeared
stađfest,248,conflict
fjķrđa,248,remote
dauđans,248,death
regla,248,rule
flutti,248,moved
skũrt,248,skull
líkiđ,247,model
aðra,247,other
innra,247,inside
bu,247,bu
borða,247,eat
Forrest,247,Forrest
hljķp,247,sound
laun,247,salary
morđingi,246,mood
pegar,246,whismer
eigir,246,own
fimmtán,246,fifteen
nánast,246,nearly
seldi,246,sold
sögunni,245,story
vađa,245,beer
vonbrigđum,245,disappointment
nefna,245,designate
spurđu,245,asked
spítala,245,hospital
sjķnvarpiđ,245,telephone
för,244,went
flutt,244,shrewd
miđnætti,244,joy
sæi,244,sea
heyrist,244,hear
jafnar,244,equal
leitum,244,search
ætluđum,244,intention
vantađi,243,missing
stærsta,243,biggest
hittu,243,meet
Luke,243,Luke
Alvin,243,Alvin
byssurnar,243,guns
ofbeldi,243,violence
leitađi,243,search
biđjast,243,awake
dái,243,coma
CIA,242,CIA
Jordan,242,Jordan
fylgi,242,accompaniment
brjķst,242,breath
augađ,242,eye
símtal,242,phonecall
alvörunni,242,grave
sáttur,241,content
gull,241,gold
helgi,241,weekend
sjáið,241,see
gettu,241,guess
lá,241,lay
pessu,241,pess
sérðu,241,do you see
tekið,241,taken
fisk,241,fish
útskũrt,241,exterminate
stökk,241,jumped
Norman,241,Norman
Morgan,240,Morning
njķttu,240,new
tekin,240,took
barinn,240,beateed
langur,240,long
drekkur,240,drink
stelpuna,240,girl
Bandaríkjamenn,240,Americans
bát,240,boat
ánægjulegt,240,pleasurable
lyftu,240,promotion
orđum,239,request
dreymir,239,dream
endanum,239,end
skiptu,239,la
fangelsinu,239,imprison
drauma,239,dream
hræđa,239,horror
settur,239,set
neina,239,nothing
loforđ,239,promise
tegund,239,type
ver,239,be
kyrrt,238,still
drífiđ,238,escape
vélina,238,machine
tapađ,238,lose
vegi,238,path
brúđkaup,238,bridal
verkiđ,238,work
heiman,238,away
dama,238,lady
frekari,238,further
fæst,238,Few
n,238,n
King,237,King
tvennt,237,two
Lincoln,237,Lincoln
Carol,237,Carol
hugur,237,mind
Marty,237,Marty
fundi,237,meetings
hefja,237,hoist
fundinn,237,had
dragđu,237,deduct
hva,237,what
táknar,237,symbol
seinan,237,late
orku,236,energy
grunar,236,suspect
Roy,236,Roy
leigubíl,236,taxi
hjálpađi,236,help
undarlega,236,strangely
dauđann,236,death
pottūétt,236,pot
prins,236,prince
mein,236,harm
svín,236,pig
svartur,236,black
myrt,236,murdered
Lou,236,Lou
ūũđa,236,ũđa
uns,235,until
slæmar,235,bad
Jackson,235,Jackson
dreyma,235,dream
hægur,235,slow
sambandiđ,235,relationship
opniđ,235,open
lyfta,235,lift
tennurnar,235,the teeth
atriđi,235,atriđi
flaug,234,fly
meõ,234,during
ūegiđ,234,ūegi
nógu,234,enough
oss,234,us
grípa,234,grab
panta,233,order
losađu,233,release
vakt,233,watch
skoti,233,shot
kennari,233,coach
hverjar,233,what
ráđist,233,command
rúm,233,bed
framundan,233,until
kjöt,233,meat
bestur,233,best
Don,233,Den
gríptu,232,grab
ūjķnustu,232,ūjķniest
sneri,232,twist
boriđ,232,drill
verði,232,price
gagn,232,benefit
hķ,232,hķ
karlmađur,232,male
auka,232,augment
játa,232,confess
ūrífa,232,proposal
vatninu,232,the water
stökktu,232,jap
tækifæriđ,231,opportunity
Richie,231,Richie
Francisco,231,Francisco
orð,231,word
minningar,231,memories
gengi,231,rate
kysstu,231,kiss
traust,231,trust
kílķ,231,mile
valdiđ,231,authority
me,231,Me
gildir,231,applies
þekki,231,know
vanalega,231,usually
rassgat,231,behind
þessar,230,these
karlinn,230,man
Travis,230,Trust
brosa,230,smile
öld,230,century
skepna,230,creature
Josh,230,Josh
x,230,x
Benjamin,230,Benjamin
skulir,230,clarity
hinar,230,the
skapi,230,mood
tilbođ,229,offer
vega,229,weigh
ūrjátíu,229,ūrjy
Howard,229,Howard
Ethan,229,Ethan
drenginn,229,boy
fötum,229,clothes
skipa,229,order
dauđi,229,dead
sérstök,228,special
skrímsli,228,monster
bíða,228,wait
verkefniđ,228,task
saknađi,228,miss
a.,228,a.
eyju,228,island
tekurđu,228,taking
flũgur,228,flies
drekktu,228,drink
útvega,228,provide
variđ,227,certificate
stöđvađu,227,stump
komir,227,arrival
færum,227,capable
merkir,227,mark
lok,227,lid
sit,227,sit
svart,227,black
Mitch,227,Mitch
annt,227,love
Carlos,227,Carlos
lögreglumađur,227,police office
dölum,227,valley
pio,227,pI
gefum,227,giving
fylgst,227,follow
tekinn,227,taken
hálfan,227,half
dauđir,227,dead
tímar,226,times
skũrslu,226,report
kerfi,226,system
báđa,226,applied
konurnar,226,the women
bađst,226,begun
ör,225,arrow
Marcus,225,Marcus
eingöngu,225,only
treystir,225,trust
tákn,225,signal
algjört,225,complete
Hank,225,Coach
koss,225,kiss
slíku,225,such
tilkynna,225,notify
hei,224,hey
raunverulega,224,actually
vikiđ,224,waiting
keyrđu,224,run
vopnin,224,the weapons
skulda,224,owe
tengsl,223,link
tali,223,speech
staðar,223,present
Teddy,223,Teddy
hķp,223,hķp
stađan,223,steady
Flũtiđ,223,Fling
dķt,223,dķt
afhverju,223,why
glápa,223,boy
bandaríska,223,American
veginum,222,road
lék,222,play
sæta,222,cute
lykilinn,222,the key
mennina,222,men
létt,222,light
liđsforingi,222,leader
lũsa,222,light
frægur,222,famous
ūurftir,221,soil
eyddi,221,delete
aIdrei,221,aidrei
bátnum,221,boat
snúast,221,twist
eiginkona,221,wife
elskađ,221,love
jörđu,221,Jörony
högg,221,blow
mætt,220,met
næstur,220,next
ađgerđ,220,at
sársauka,220,pain
sannanir,220,evidence
dags,220,day
hélst,220,persistent
töluđum,220,spins
samhryggist,220,condolences
kaupir,220,purchasers
hanga,220,hang
ástandiđ,220,condition
Stöđviđ,219,Check
ljķmandi,219,abundant
myndavélina,219,camera
stíga,219,step
hurđina,219,door
gildi,219,value
Hal,219,Hal
tapar,219,loss
persķnulegt,219,personal
svolítið,219,slightly
áríđandi,219,yearal
báđar,219,applaud
tímabært,219,overdue
tekist,218,succeeded
mikilli,218,great
Jo,218,Jo
brjáluđ,218,carton
hvaō,218,what
ríki,218,state
vísa,218,manner
jörđina,218,the Jöđina
særa,218,hurt
fimmtíu,218,fifty
lykillinn,218,key
Red,218,Red
Linda,218,Spring
kerfiđ,218,system
takast,218,address
yrði,218,should
martröđ,217,nightmare
ræða,217,address
upptekin,217,busy
brjķstin,217,Breast
erindi,217,errand
big,217,big
efniđ,217,substance
hamingjusamur,217,happy
herramenn,217,gentlemen
indæl,217,nice
bođi,216,bid
morgni,216,morning
Cole,216,Cole
lögfræđingur,216,liben
ViItu,216,We
gagnvart,216,on
borđinu,216,ribbon
mjķlk,216,milk
brot,216,fragment
áætlunin,216,the plan
eyjunni,216,island
stķrmál,216,control
Wilson,216,Wilson
gķlfiđ,215,gum
kennir,215,teaches
sigrar,215,victory
hættulegur,215,hazardous
beita,215,employ
prķsent,215,print
varir,215,lip
forseta,215,president
hjķnaband,215,braid
læturđu,215,let
minntist,215,recalled
augljķslega,214,obviously
Collins,214,Collins
Raymond,214,Raymond
öðrum,214,others
notiđ,214,use
tíkin,214,bitch
handlegginn,214,arm
brotiđ,214,fracture
erfiđ,214,years
Marie,213,Marie
rennur,213,slides
sekur,213,guilty
gátu,213,could
dálítið,213,somewhat
ķk,213,ķk
hugmyndin,213,the idea
berast,213,fight
White,213,White
ūrisvar,213,exile
Caroline,213,Caroline
keppa,213,compete
persķnulega,213,personal
raunar,213,Actually
kvarta,213,complain
setiđ,212,restriction
aktu,212,action
nũjar,212,nuclei
bróðir,212,brother
línu,212,line
ūjķfur,212,ūffur
snerti,212,related
lifđi,212,living
tķkstu,212,cure
Rob,212,Rob
börnunum,212,the children
skyldu,212,obligation
lokið,212,finished
giska,212,guess
afganginn,211,the rest
sérstakur,211,particular
vandlega,211,carefully
lauk,211,onion
áfengi,211,liquor
vondur,211,evil
viđbrögđ,211,arrow
fullri,211,full
opin,211,open
Englandi,211,England
myrtur,211,murdered
sjálfri,211,themselves
sum,211,some
færiđ,210,town
binda,210,bind
leyst,210,solved
skilurðu,210,Do you understand
ágætlega,210,well
hvítur,210,White
færð,210,get
ríkir,210,rich
alger,210,absolute
vor,210,our
sendiđ,210,send
létu,210,do you
eltu,210,chase
Pat,210,Pat
Jean,210,Jean
sķa,209,la
ér,209,you
þínu,209,your
hugsanir,209,thoughts
misstum,209,lost
sérlega,209,separately
brjálæđi,209,crazy
heyrði,209,heard
sinnar,209,of his
barnum,209,bar
hverfur,209,disappears
Street,209,Street
greitt,209,fast
el,209,eel
fķtum,209,numbers
síðasta,209,last
afsakađan,209,apologize
andskotanum,208,dam
fanga,208,capture
lítum,208,look
einkum,208,especially
ūā,208,ūā
lögmađur,208,lawmaker
glæsileg,208,elegant
Jackie,208,Jackie
rán,208,robbery
kaupi,208,buy
uss,208,USS
andlitinu,208,the face
Jesse,208,Jesse
Tristan,207,TRISTAN
ūvo,207,dvo
rak,207,drive
skyldir,207,duties
ķmeidd,207,ķMeid
skjátlast,207,errone
gátum,207,riddle
möguleiki,207,possibility
bjargađir,207,res The
Guy,207,Guy
Pan,207,Pan
magnađ,206,could
einhverjir,206,some
engill,206,angel
myndavél,206,camera
vagninn,206,wagon
hvítu,206,white
bíla,206,Cars
svarađ,206,reply
tilfinning,206,sense
sölu,206,sale
vaknađi,206,awake
sleppi,206,switch
draum,206,dream
Icelandic,205,Icelandic
ūjķna,205,ūjķna
leitiđ,205,search
sker,205,cut
harđur,205,hard
eiginmađur,205,husband
Gordon,205,Gordon
vaknar,205,wakes up
Jeminn,205,Yem
græđa,205,gray
gefðu,205,give
rķa,205,cry
stigann,205,laine
Neil,205,Neil
vekur,204,wake
springur,204,spring
kveiktu,204,turn
Franklin,204,Franklin
einar,204,alone
byssa,204,gun
Afsakaðu,204,Sorry
völdum,204,power
ũta,204,ease
ætlaði,203,was going to
athugađu,203,see
skjóta,203,shoot
rķađu,203,rķađu
fjárans,203,money
ráđum,203,conference
manneskjur,203,people
skemmti,203,fun
klippa,203,shear
buxurnar,203,pants
felur,203,hold
skķginum,203,ski
bjóða,203,offer
strákana,203,the boys
íbúđinni,202,apartment
Joseph,202,Joseph
Cal,202,Calc
kyrrir,202,still
ljúfan,202,sweet
kæmist,202,could get
hlustaðu,202,listen
stans,202,ground
gleymdir,202,forgetful
svör,202,answers
ūķtti,202,ķtti
barđist,201,fight
ána,201,river
syngur,201,sing
friđ,201,free
vélar,201,machines
tókst,201,successfully
björn,201,bear
komust,201,come
m,201,m
sannar,201,true
næđi,201,tent
klikkađur,201,click
Liz,201,Liz
kvöldin,201,night
rífa,201,tear
gleymir,201,forgets
María,201,More
græna,201,green
ætlast,200,plan
Jill,200,Jill
gá,200,cap
nein,200,any
Vince,200,Vince
rassinum,200,ass
Þegiðu,200,shut up
lögreglunnar,200,the police
kampavín,200,champagne
Miami,200,Miami
faliđ,200,bear
sannur,200,True
öryggis,200,safety
barni,199,child
Freddi,199,Forth
hegđun,199,conduct
skķ,199,skull
kjķl,199,tack
met,199,record
sendur,199,sent
íhuga,199,consider
jafnvægi,199,balance
verndar,199,protection
sniđugt,199,tremendous
selur,199,seal
verkum,199,dey
götuna,199,street
mátti,199,could
ķtrúlegur,198,ķ religious
sígarettu,198,cigarette
einbeita,198,focus
geyma,198,retain
störf,198,jobs
listanum,198,the list
heimild,198,grant
sonar,198,son
eltir,198,chase
tvöfalt,198,double
rekur,198,operate
vegginn,198,wall
lũst,198,end
sparka,198,kick
slķ,197,slķ
felum,197,hide
blađiđ,197,news
Nelson,197,Nelson
árs,197,half
Iíka,197,Play
toga,197,pull
foreldrum,197,parents
versla,197,trade
brott,197,away
borđum,197,tables
algerlega,197,totally
henti,197,suitable
Boston,197,Boston
springa,197,explode
Manhattan,197,Manhattan
merkilegt,197,important
tennur,197,teeth
Kim,197,Kim
drukkinn,197,drunk
ūykjast,196,assault
gleymum,196,forget
yður,196,you
opnum,196,open
náđir,196,favor
töskunni,196,bag
vandinn,196,problem
starfar,196,rock
opiđ,196,open
urđum,196,storms
prestur,196,priest
loftinu,196,air
líki,196,image
jarđar,196,earth
rithöfundur,196,writer
sv,195,so
ræfill,195,loser
fjandakorniđ,195,fucking
vakti,195,awake
slapp,195,escape
hķpnum,195,hay
h,195,h
fötunum,195,clothing
leiðinni,195,the way
bũrđ,195,buoy
Molly,195,Mo
Christian,195,Christian
stærra,195,bigger
vön,195,lady
íbúđina,195,apartment
bķkin,195,bķkin
reiđufé,194,red
poka,194,bag
Times,194,Ceremony
snöggur,194,quick
hausnum,194,head
mæti,194,attend
verour,194,be
kallarđu,194,call
ķtrúleg,194,sustainable
Harris,194,Harris
Pétur,194,Peter
lyktina,193,smell
hest,193,horse
lofađir,193,promise
Dallas,193,Dallas
hefđirđu,193,Heady
ađgang,193,involvement
dú,193,fe
himnum,193,heaven
vlđ,193,present
horfin,193,prospect
stein,193,stone
krökkunum,193,trash
veskiđ,192,wallet
barna,192,children
Abby,192,Abby
fyrirmæli,192,commandment
öruggur,192,secure
ársins,192,year
gætuđ,192,could
myrđa,192,mine
veldu,192,choose
jā,192,jā
Sonny,192,Sonny
hafðu,192,have
núll,192,zero
umferđ,191,round
lofađu,191,promise
minnast,191,recall
veislu,191,party
gráđur,191,asser
venjulegur,191,normal
klķsettiđ,191,clutch
orđa,191,word
hugrakkur,191,brave
Gina,191,Mannequin
heppni,191,luck
Kong,191,King
fangi,191,prisoner
hlutur,191,object
leyfum,191,leave
fjögurra,190,four
Andy,190,Andy
viđtal,190,count
eigđu,190,own
kvenna,190,female
hræddir,190,frightened
slæma,190,bad
spurningum,190,questions
velti,190,turnover
bregđast,190,respond
dķu,190,dķu
hreinskilinn,190,direct
fólki,190,people
duga,190,enough
standiđ,190,position
Stone,190,Stone
neđan,190,Next
Harold,190,Harold
spil,190,game
hádegi,190,noon
gķđs,190,gķđs
nætur,189,nights
mættur,189,attend
sáu,189,saw
öllsömul,189,all
skylda,189,duty
ķlétt,189,ķLeted
skipunum,189,appointment
tapađi,189,lose
liđin,189,lodging
fundið,189,found
lærir,189,learners
leyfđi,189,Allow
fingur,189,finger
stađa,189,Stand
snúum,188,turnout
rautt,188,Red
kveikt,188,on
varađu,188,spare
Kanada,188,Canada
Anne,188,Anne
ömurlegur,188,desolate
borgarinnar,188,the city
veI,188,fare
bér,188,bike
boltanum,188,ball
samúđ,187,compass
stjķrnađ,187,star
lyktar,187,smell
svörtu,187,black
sofna,187,fall asleep
húsið,187,the House
beygja,187,turn
dũri,187,dew
lítið,187,little
talandi,187,talking
eldinn,187,fire
héldu,187,hold
hvílík,187,what
prķf,187,try
sjúkrabíl,187,ambulance
drottning,187,queen
ræddum,187,discussed
félagsskap,187,company
velkomnir,187,Welcome
teljum,187,believe
hverfinu,187,neighborhood
léstu,187,let
mínútna,187,minute
áttina,186,direction
dagana,186,days
ævintũri,186,fairy
skotmark,186,target
slíka,186,such
Ted,186,Ted
fegurđ,186,beauty
viljið,186,will
kenni,186,standard
lögreglustjķri,186,police
morđiđ,186,morned
gögn,186,data
kortiđ,186,card
áhorfendur,185,audience
fimmta,185,fifth
línunni,185,the line
bana,185,death
dreng,185,boy
saknađ,185,miss
Carrie,185,Carrie
morđinginn,185,murder
Lance,185,Lance
olli,185,gone
finnist,185,feel
strönd,185,beach
fiskur,185,fish
borgin,185,the city
hleypiđ,185,firing
aldur,185,age
liđinu,185,li
venjulegt,185,normal
Dick,184,Dick
háls,184,throat
æsandi,184,sensational
skildir,184,land
unnum,184,worn
bķkinni,184,buoy
sannađ,184,prove
svalur,184,cool
hringdir,184,called
eign,183,property
stór,183,big
Freddie,183,Freddie
Dennis,183,Den
Albert,183,Albert
virkađi,183,function
vonast,183,hope
ķlíkt,183,ķ like
hefjast,183,start
vont,183,bad
Rossi,182,Ross
skrambinn,182,scrap
hjálpað,182,help
snerist,182,turned
mikli,182,great
fjölskyldunnar,182,family
innilega,182,sincerely
opnast,182,ope
Crewe,182,Crew
sef,182,sef
skammt,182,near
ũttu,182,ũT you
lifum,182,live
ánni,182,river
skella,182,slap
sid,181,side
auđveldara,181,easier
brauđ,181,bread
vinstra,181,left
samdi,181,negotiated
andi,181,mind
sigrađ,181,conquer
hindra,181,hinder
slær,181,sore
Colin,181,Colin
fulltrúa,181,delegate
Gwen,181,Gwen
sagðirðu,181,did you say
kjáni,181,silly
Anthony,181,Anthony
kæru,180,Dear
nķttu,180,enjoyed
draumar,180,dreams
bũrđu,180,bug
fjarlægja,180,eliminate
sest,180,sit
gömlum,180,old
skemmtu,180,amuse
hnén,180,knee
ađdáandi,180,partner
Hunt,180,Rather
gista,180,sleep over
Stu,180,Stt
Horton,180,Horton
bið,180,wait
Robinson,180,Robinson
Sally,180,Shaly
hverfi,180,neighborhood
hníf,179,knife
skugga,179,shade
bölvun,179,curse
efninu,179,the material
yfirmann,179,bote
blár,179,blue
einir,179,alone
skipuleggja,179,hatch
hjķliđ,179,helmet
mismunandi,179,diverse
hússins,179,the house
Jamie,179,Jamie
skápnum,179,cupboard
fyrirgef,179,forgive
hinni,179,the other
nýja,179,new
bili,179,range
hetjan,179,hero
Vincent,178,Vincent
þrjú,178,three
rólegur,178,sedate
kaffiđ,178,coffee
klípu,178,wipe
gjafir,178,presents
Ruth,178,Ruth
kirkju,178,church
rugla,178,confuse
tréđ,178,tree
bilun,178,breakdown
djöfuls,177,devil
byssan,177,gun
Erin,177,Er
gulliđ,177,gold
elskum,177,lovers
Karen,177,Karen
hálfu,177,half
flest,177,most
setjist,177,see
Sue,177,Su
búast,177,expect
ađallega,177,ormally
stigi,177,ladder
velur,177,choose
ekur,177,drive
sķtt,177,","
harma,177,lament
oftast,177,most often
sækir,177,seek
hugmyndina,177,the idea
hattinn,176,hat
dķp,176,dķp
Stark,176,Stalk
geggjađ,176,give to
meir,176,more
réđst,176,undertaken
Darcy,176,Darcy
læst,176,locked
Cindy,176,Cindy
Bridget,176,Bridget
yfirgefiđ,176,desert
stundinni,176,time
ferđina,176,travel
stađreynd,176,fact
slökkt,176,off
stofna,176,establish
vannst,176,won
merkiđ,176,mark
skipi,175,ship
gerðir,175,type
stúlkunni,175,girl
gķlfinu,175,wisdom
beinlínis,175,straight
ūraukađu,175,ūraukađu
landsins,175,country
stķrum,175,stķrum
Marvin,175,Marble
hliđar,175,move
dottiđ,175,daughter
yrđu,175,would
gleđi,175,joy
Jacob,175,Jacob
ūvílík,175,dign
ūörfnumst,175,dignitant
klúđrađi,175,club
Robbie,174,Robbie
sigla,174,mast
neitar,174,refuses
stöđum,174,stand
Brown,174,Brown
litlar,174,small
breyttist,174,changed
bíðið,174,wait
bregst,174,react
augljķst,174,obvious
leikurinn,174,the game
glæpur,174,crime
ķlöglegt,174,“Legal
gamaldags,174,antique
bláa,173,blue
braust,173,broken
fyrirgefa,173,forgive
drullusokkur,173,mud
leikari,173,actor
gras,173,grass
völ,173,choice
súkkulađi,173,Suck
nýtt,173,new
fet,173,foot
ķskar,173,ek
takið,173,take
svíkja,173,deceive
City,173,City
snertu,173,touch
klúđra,173,club
blæđir,173,tense
köttur,173,cat
síst,172,least
yrđum,172,room
frelsa,172,free
fjandi,172,faach
veröld,172,nature
bætt,172,improved
Kenny,172,Kenny
biðja,172,pray
drukkiđ,172,drink
blķđiđ,172,blues
mættir,172,present
ūjálfi,172,ū
frábærlega,172,extremely
hljķma,172,sound
Martha,172,Martha
rakst,172,discovered
laust,172,loose
fjölda,172,many
Berlín,171,Berlin
missum,171,loss
nũjum,171,nũ
Hannah,171,Hannah
bũsna,171,bas
gætiđ,171,might
nefndi,171,committee
Katie,171,Katie
Steven,171,Steven
blekkja,171,deceive
hreyfđu,171,move
sũniđ,171,program
gáđu,171,could
ansans,171,anchor
ūekkjum,171,rut
ástand,171,state
strákunum,171,the boys
hliđiđ,171,while
sjálfsmorđ,171,autonomous
athyglisvert,171,interesting
lit,171,colour
lestina,171,train
J.,171,J.
sjķn,171,te
skilríki,170,deed
Gus,170,Eruption
mikilvæg,170,important
ūriđju,170,day
Ellie,170,Ellie
lagsi,170,stroke
redda,170,fix
skömm,170,shame
Kennedy,170,Kennedy
hægđu,170,slow
Mickey,170,Mickey
helling,170,lot
margra,170,many
Flķrída,170,Fling
lestin,170,train
bita,170,piece
Meg,170,Mel
Leon,170,Leon
skemmt,170,entertained
talađir,170,speak
sækiđ,170,applies
hurđinni,169,door
yðar,169,your
bíķ,169,bee
ūúsundir,169,ūsunds
söng,169,song
Hitler,169,Hitler
talað,169,spoken
leiđur,169,trajectory
angra,169,frustrate
ūjálfari,169,ward
sveit,169,province
Jaeja,169,Well
fundist,169,found
parna,169,pair
trúađ,169,believe
rosalegt,168,terrible
hvílíkur,168,how it's
hundar,168,dogs
plánetu,168,planet
vaxa,168,develop
finni,168,find
Victor,168,Victor
yndisleg,168,lovely
viđurkenna,168,advice
heilann,168,whole
lát,168,point
föður,168,father
breytingar,168,changes
Miles,168,Mile
svarađi,168,reply
ūjálfun,168,This
réttur,168,right
ķlst,168,ml
svikari,168,traitor
Chuck,168,Chuck
hleypur,168,runs
ferskt,168,fresh
snjall,168,clever
vélarnar,168,the machines
ūakinu,167,ūakinu
deginum,167,day
skepnan,167,creature
Jesú,167,Jesus
flösku,167,bot
Anderson,167,Anderson
beina,167,direct
langađ,167,long
frā,167,frā
stjķrnstöđ,167,star
berjumst,167,fight
sũnum,167,sim
sagðist,167,said
Kvíddu,167,Venth
stöđvar,167,corporate
ađgangur,167,aiming
móti,167,against
borð,167,table
stöđina,167,the stand
Kansas,167,Kansas
júlí,167,July
sleppur,166,escape
kalli,166,call
Ítalíu,166,Italy
fólkið,166,the people
glugga,166,window
Murphy,166,Murphy
samskipti,166,intercourse
buxunum,166,buns
flugvélinni,166,the airplane
ūessarar,166,these
skilabođin,166,message
alltof,166,too
andanum,166,spirit
hefna,166,avenge
Sophie,166,Sophie
skađa,166,scare
upplũsingum,166,disclosure
vinkonur,166,friends
stöđinni,166,position
hķra,166,hatch
láti,166,beloved
heilt,165,whole
myrkrinu,165,dark
passiđ,165,pass
ráđi,165,advice
jörđ,165,earth
tækni,165,technology
sannfæra,165,convince
deyrđ,165,die
náði,165,caught
lengri,165,longer
lokuđ,165,finish
hendinni,165,hand
leiddi,165,lead
nægan,165,enough
vinnan,165,work
opinn,165,open
byggt,165,built
dollarar,165,dollars
klessu,165,clip
meiriháttar,165,major
ljķtt,165,lightly
Cooper,164,Cooper
Adams,164,Adams
búi,164,farm
dũrin,164,Dũr
paõ,164,paÕ
yfirgaf,164,leave
vĄđ,164,and
virki,164,fortress
skotin,164,shot
keyrir,164,runs
Santa,164,Santa
Orleans,164,Orleans
lyfin,164,the
þúsund,164,thousand
nokkurra,164,some
Frķđi,164,Freed
Önnu,163,Anna
falliđ,163,fall
rauninni,163,practice
kynæsandi,163,sexual
borđi,163,board
kring,163,boy
rætast,163,fulfill
horniđ,163,corner
bankann,163,the bank
gulli,163,gold
Brooklyn,163,Brooklyn
sorglegt,163,sad
himnaríki,163,heaven
flķtta,163,perceive
ūakklátur,163,cluster
sjálfir,163,themselves
hefnd,163,vengeance
einbeittu,162,entertain
endi,162,tip
ig,162,ig
lögregluūjķnn,162,policeūjķnn
eyđilagđi,162,Eyđilagđi
skuluđ,162,shall
leggiđ,162,contribute
talarđu,162,speaking
verđlaunin,162,wages
Kannastu,162,Conception
fuglinn,162,bird
helminginn,162,half
Harriet,162,Harriet
hentu,162,suitable
forđa,162,fore
eyrun,162,ears
tķkum,162,tķkum
kũs,162,tease
garđinn,162,yard
rauđu,162,red
Lisa,162,Literate
hækka,162,ascend
bað,161,bath
steininn,161,stone
hlaut,161,received
styđja,161,support
Ron,161,Ron
Laura,161,Laura
höfđi,161,head
heyrum,161,hear
sverđ,161,sword
sjást,161,appear
horn,161,corner
Marion,161,Marion
ma,161,ma
áratugnum,161,decades
fljúgandi,161,fly
fjölskyldur,161,families
bréfiđ,161,letter
Winston,161,Winston
vörn,161,protector
bíta,161,bite
Sawyer,161,Sawyer
drekk,161,drink
hag,161,interest
spítalanum,160,hospital
ágætur,160,fine
brúna,160,bridge
samtal,160,conversation
kemstu,160,Get
varđst,160,become
Víetnam,160,Vietnam
réđ,160,counsel
síðar,160,after
heit,160,pledge
flugi,160,flight
bakinu,160,back
gildra,160,trap
hreinn,160,natural
uppáhalds,160,favorite
sérhver,160,everybody
opnađ,160,open
brást,160,fail
hlũt,160,cover
einfaldlega,160,simply
öðru,160,other
nefndu,160,mention
getað,160,could
ų,160,ų
spilađ,160,play
skítt,159,dirty
manneskjan,159,person
haga,159,conduct
ķsk,159,ķsk
veri,159,being
slappađu,159,relax
öII,159,another
veggnum,159,wall
Grace,159,Grace
læti,159,pity
â,159,Â
stiga,159,stairs
leiđist,159,blow
dugar,159,efficient
sérstaka,159,separate
fullan,159,complete
Barbara,159,Barbara
lækna,159,heal
fegin,159,beauty
efst,159,highest
reikninginn,159,the bill
ađlađandi,159,alarming
sátt,158,true
drakk,158,drink
rugli,158,confusion
meō,158,me
Park,158,Park
hittum,158,cherish
dreymt,158,dreamy
miklir,158,extensive
lendum,158,coast
bao,158,bao
Clyde,158,Clyde
Popper,158,Popper
hvítt,158,White
neins,158,anything
Leo,158,Leo
kennsl,158,recognition
hun,158,she
Bernard,158,Bernard
eiturlyf,158,drugs
hent,158,birth
hreyfingu,158,movement
erfiđur,157,difficult
fæddur,157,born
innri,157,inner
nķvember,157,November
Davis,157,Davis
gildru,157,trap
fjáranum,157,the pasture
mæli,157,measure
vikuna,157,week
séuđ,157,be
sjķnvarp,157,television
lágt,157,low
Emma,157,Emma
stráknum,157,boy
frönsku,157,French
stuttu,156,short
dóttur,156,daughter
fínu,156,fine
fréttum,156,news
afsökun,156,apology
hvíti,156,white
stjķrinn,156,star
uppreisn,156,uprising
tilfinningu,156,sense
paô,156,pa
stúlkurnar,156,The girls
dó,156,died
hringiđ,156,call
beinni,156,straight
stelpum,156,girls
heimsk,156,stupid
sjaldan,156,seldom
búist,156,are expected
hræđileg,156,conceal
borđađu,156,eating
nánar,156,farther
barnið,155,the baby
ađstođarmađur,155,Antođarmađur
þessir,155,these
Dad,155,Dad
botn,155,bottom
mikilvægur,155,important
hljómar,155,sounds
fáðu,155,Get
réđi,155,counsel
almennilega,155,properly
afsaka,155,apologize
bendir,155,suggests
örlögin,155,destiny
sáuđ,155,saw
samiđ,155,same
andann,155,breath
keyrt,155,run
svei,155,wonder
niðri,155,down
sveik,155,betrayal
tak,155,gas
seattle,155,seattle
fyrirtækinu,155,the company
seinni,155,later
höfn,155,harbor
sækjum,155,approve
by,155,live
nokkurs,155,somewhat
sönnun,155,proof
föstudaginn,154,Friday
þekkir,154,knows
hægra,154,right
birta,154,dawn
þrír,154,three
Todd,154,Todd
angrar,154,prove
sætta,154,reconcile
Dolly,154,Dolly
Nicholas,154,Nicholas
færðu,154,Move
gaurar,154,guy
útvegađ,154,provide
sambönd,154,relationships
frábæra,154,wonderful
fķrna,154,clarinate
ūekkiđ,154,ekkiđ
reyniđ,154,try
sláđu,154,craving
sprakk,154,explode
búđinni,154,camp
gamlan,154,old
tũndi,154,intercourse
tilfelli,154,case
stjörnurnar,153,the stars
æfingu,153,practice
ķhult,153,ķhult
ljķsi,153,light
peim,153,peim
vitaskuld,153,obvious
ákvarđanir,153,determination
skítur,153,dirt
dæmdur,153,judged
Green,153,Green
rúmlega,153,over
myrkur,153,darkness
hringur,153,circle
ūriđji,153,ūriđi
klæđa,153,dinner
ķttađist,153,ķtta
misskilningur,152,misunderstanding
reyndir,152,tested
sviđ,152,aircraft
viđbúinn,152,curly
forsetans,152,the president
heimilisfang,152,address
hlũđa,152,sound
hringurinn,152,ring
Lewis,152,Lewis
þann,152,that
vikunni,152,week
brostu,152,smile
min,152,min
nũtur,152,attend
sögunnar,152,saw
friđur,152,free
rosa,152,pink
rķlegir,152,pleasant
eđli,151,editor
fresti,151,everyday
dóttir,151,daughter
raunveruleg,151,real
viđvörun,151,warning
dásamleg,151,wonderful
fķtunum,151,fillers
getið,151,can
auđveldlega,151,easily
rekiđ,151,operate
mönnunum,151,humans
May,151,May
skaust,151,shot
heilanum,151,brain
ávísun,151,check
skemmtum,151,entertaining
ķsanngjarnt,151,ķSenic
plata,151,record
felst,151,hike
röngum,151,wrong
vopniđ,151,arms
móðir,151,mother
sameiginlegt,151,in common
dregiđ,151,slow
gleraugun,150,glasses
Stanley,150,Stanley
hestur,150,horse
myrtir,150,murder
símanúmeriđ,150,phone number
Truman,150,Faithful
elt,150,chase
heilan,150,whole
blessun,150,blessing
jafnt,150,equally
máta,150,manner
fyrrum,150,formerly
glöđ,150,hallowment
hvítum,150,white
einstakur,150,unique
kraft,150,power
drottningin,150,queen
beit,150,bait
hugann,150,mind
hatt,150,hat
foringinn,149,leader
snýst,149,spin
berđu,149,beright
Gjörðu,149,Do
hķfst,149,assumed
blindur,149,blind
piltur,149,boy
Gandhi,149,Gandhi
rauđur,149,red
bærinn,149,the town
nái,149,to get
Frakklandi,149,France
fundur,149,convention
hķpi,149,hķpi
stundin,149,hours
góðu,149,good
ekiđ,149,duty
skála,149,cabin
vasanum,149,pocket
teppi,149,blanket
kvöldsins,149,evening
blađinu,149,sheet
benda,149,point
hersins,149,military
drullađu,149,muck
keyrđi,149,run
gæfi,149,state
hjáIpa,148,with
Ford,148,Ford
trúiđ,148,believe
rekin,148,drive
spara,148,save
slæmu,148,bad
eitur,148,poison
kærustuna,148,girlfriend
sviđinu,148,the pitch
feita,148,fat
ķsköpunum,148,ķ Creation
skar,148,rag
Phoenix,148,Phoenix
gáfu,148,gave
brúnni,148,bridge
lemja,148,beat
sķtti,148,sķ
reglu,148,rule
líkjast,148,favor
endađi,147,end
fylgt,147,followed
bæði,147,both
flugiđ,147,flight
ūjķnn,147,ūjnn
penna,147,pen
Baker,147,Baker
líkami,147,body
tilbaka,147,back
gilda,147,valid
dũrt,147,dar
nafninu,147,the name
fríi,147,vacation
skķna,147,scare
skķnum,147,sky
Bernie,147,Bernie
reiđubúinn,147,tear
ķgnvekjandi,147,ķGnviking
sjúkrahús,147,hospital
veitti,147,awarded
færđi,147,productive
Rich,146,Rich
sũslu,146,tank
andar,146,spirit
andađ,146,spirit
særđur,146,hurt
bjargađu,146,save
drepið,146,kill
ė,146,ė
pantađi,146,Pantađi
keppninni,146,the competition
rústa,146,devastate
nemendur,146,students
ađstođa,146,ađstođa
Gallagher,146,Gallagher
heyrđuđ,146,hear
Sandy,146,Sandy
syndir,146,sins
konunnar,146,woman
einrúmi,146,private
lausu,146,vacant
klúbbnum,146,club
leggist,146,lie
ástæđuna,146,loving
flytur,146,move
nũt,146,nũt
blađamađur,146,magazine
línuna,146,line
taugarnar,146,nerves
venjast,145,get used
svipinn,145,look
indíána,145,Indian
tengjast,145,connect
opnaðu,145,Open
Artie,145,Artie
komnar,145,arrival
kjark,145,courage
gerđuđ,145,do
endir,145,end
ágúst,145,August
ir,145,year
uh,145,uh
skipanir,145,commands
ræđu,145,talk
ströndina,145,beach
Hrķi,145,Rapid
einstakt,145,unique
Símon,145,Simon
klikkađ,145,click
framiđ,144,forward
bros,144,smile
fremst,144,foremost
litlum,144,small
náungann,144,neighbor
greip,144,seized
sjķnum,144,sack
skķlinn,144,screen
standi,144,stand
sprengju,144,bomb
náungar,144,neighbor
Brandon,144,Fire
dķmara,144,darma
hlutunum,144,things
blöđin,144,blues
hjķnin,144,bras
vandræđa,144,trouble
drķ,144,drum
beðið,144,waited
undirbúiđ,144,prepaid
stráksi,143,boy
gesti,143,guests
Kathy,143,Kathy
tilefni,143,occasion
dá,143,adore
væni,143,deception
hunda,143,dogs
fífli,143,fool
glugganum,143,window
erfiđleikum,143,hardship
miđju,143,month
Bravķ,143,Bravķ
sũn,143,pitch
berum,143,lice
konungs,143,king
hugsun,143,thought
slysi,143,accident
Sidney,143,Sidney
kķngur,143,kķ
mķtmæli,143,salutation
æstur,143,excited
barnes,143,child
ũmsu,143,ũmsu
ūykistu,143,ūykistu
kostađi,142,cost
Wallace,142,Wallace
síðustu,142,last
Nicole,142,Nicole
æsku,142,youth
brandara,142,joke
drengnum,142,boy
át,142,ate
Hong,142,Hong
heilu,142,whole
Zoe,142,Zoe
starfsmenn,142,employees
júní,142,June
laugardaginn,142,Saturday
bílar,142,cars
ķvenjulegt,142,ķ UK
skutu,142,shoot
nauđsynlegt,142,normally
hoppa,142,hop
búmm,142,boom
klárt,142,clearly
Craig,142,Crazy
endist,142,huge
frúr,142,poem
heimilisfangiđ,142,address
Dolores,142,Dolores
heId,142,hey
spyrđ,142,question
Lísa,142,Look
miđri,142,May
ūvílíkur,142,liquid
milljķnum,142,millions
stjörnu,142,star
Catherine,142,Catherine
jķlasveinninn,142,Jķlasmann
augnablikinu,142,the moment
sporum,141,footprint
venjuleg,141,ordinary
munurinn,141,difference
skyn,141,sensation
gangiđ,141,browse
étur,141,eat
Garrett,141,Garrett
tilbúnar,141,ready
erfiđara,141,difficult
vandræđalegt,141,problemable
Francis,141,Francis
Debbie,141,Debbie
krabbamein,141,cancer
West,141,West
framtíđinni,141,future
formi,141,shape
Trölli,141,Narrow
eyđilagt,141,destitute
endurtaka,141,repeat
læsa,141,lock
Jeremy,141,Jeremy
ruglađur,141,confusion
ræđst,140,Our
stķrar,140,stomach
partíiđ,140,party
flugvöllinn,140,airport
hjartanu,140,heart
nũjasta,140,nast
lautinant,140,lieutenant
grét,140,cried
skráđ,140,register
bær,140,town
rísa,140,rise
Patrick,140,Patrick
löggu,140,cop
kvikmynd,140,film
kveđju,140,pick
hárinu,140,hair
ūekktir,140,-
heiđarlegur,140,horrible
áform,140,planning
sũningu,140,relaxation
fyndin,140,comic
helmingi,140,half
Sammy,140,Sammy
elskarđu,140,love
sorg,140,sorrow
athugum,140,note
reyndum,140,experience
sönnunargögn,140,evidence
meiddur,139,hurt
spænsku,139,Spanish
hreinskilni,139,honesty
fallegar,139,beautiful
hestinn,139,horse
parf,139,Parf
sýndu,139,show
hreyft,139,moving
uppnám,139,excitement
stilltu,139,adjust
skemmtileg,139,comic
sannleika,139,truth
nammi,139,candy
pinn,139,pin
flugvélar,139,airplanes
líđi,139,grief
vex,139,grows
höggi,139,hit
náð,139,Grace
Kay,139,Kay
verkinu,139,the work
mæla,139,measure
verulega,139,considerable
árans,139,year
kastađu,139,throw
dķm,139,dķm
skríđa,138,crap
miskunn,138,mercy
gangandi,138,walking
fullorđinn,138,full
klæddu,138,dressed
heimski,138,stupid
lygar,138,deception
gefið,138,administer
þurfa,138,require
rann,138,rise
stígur,138,way
Williams,138,Williams
heimiliđ,138,household
Gracie,138,Gracie
eldhúsiđ,138,kitchen
hjálpaðu,138,Help
hjálpina,138,the help
ljķđ,138,light
Dorothy,138,Dorothy
hljķmsveit,138,band
borđađi,138,board
bangsi,138,Teddy bear
laugst,138,feet
hefđuđ,138,have
steik,138,steak
lífið,138,life
birtast,138,appear
opinberlega,138,officially
Trevor,137,Trevor
aleinn,137,single
litlir,137,small
ríkiđ,137,rule
Englands,137,England
spauga,137,tease
settir,137,call
viđbúin,137,living
ímynda,137,imagine
dálitlu,137,plenty
hræđir,137,horror
tal,137,talk
mök,137,glare
orðin,137,become
ótrúlegt,137,unbelievable
ūakklát,137,dropping
ungu,137,young
mögulega,137,possibly
boltinn,137,ball
magann,137,stomach
balliđ,137,ball
ákveđur,137,definite
Janet,136,Janet
skķr,136,clear
sjötta,136,sixth
pín,136,with
spilum,136,games
Louise,136,Louise
mánuđir,136,months
skjķl,136,bar
feitur,136,fat
kynnir,136,presents
ađstöđu,136,ancestry
vandi,136,trouble
rusl,136,debris
búđina,136,camp
greyiđ,136,gray
biluđ,136,break
skaI,136,would
nũjustu,136,nurses
Mississippi,136,Mississip
Dale,136,Dale
Sebastian,136,Sebastian
hengja,136,suspend
fallinn,135,fallen
endalaust,135,endless
Wyatt,135,Wyatt
opnađi,135,open
sjúkrahúsinu,135,hospital
hafna,135,overrule
virđa,135,worth
stađi,135,stand
ūykja,135,while
reglum,135,rules
laumast,135,sneak
vinar,135,a friend
atkvæđi,135,vote
staður,135,location
eldsneyti,135,fuel
úrskeiđis,135,wreckage
klæđast,135,dress
Hypjađu,135,Hypjađu
munuđ,135,will
fylgdi,135,followed
gķđri,135,god
hafnađ,135,reject
brú,135,bridge
Perry,135,Perry
Nikki,135,Nod
tölur,135,numbers
Duke,135,Duke
leiki,135,acting
verstu,135,worst
Montana,135,Montana
gerðirðu,135,did you
keppnina,135,the competition
skemma,135,spoil
ķvini,135,ķvini
látin,135,song
hringjum,135,circle
drepnir,135,killed
furđulegt,135,terribly
syngdu,135,sing
skepnur,134,animals
falli,134,substance
fullkomna,134,perfect
buxur,134,pants
ljós,134,light
eyđileggur,134,destruction
minnist,134,recall
aðrir,134,others
lifđu,134,living
heyr,134,hear
súrefni,134,oxygen
ķvinur,134,ķ friend
kalliđ,134,call
aIItaf,134,aiitaf
hrađi,134,hard
andskoti,134,dancing
pau,134,paus
yfirmenn,134,bosses
vegg,134,wall
hvorn,134,each
svafstu,134,sleep
kurteis,134,respectful
flugvellinum,134,airport
sel,134,seal
stígđu,134,path
einstök,134,special
skũrsluna,134,shoot
Lofarđu,134,Promise
karlar,134,men
Lake,134,Lake
viô,134,We
fjöldi,134,lot
B.,134,B.
Alexander,134,Alexander
lan,134,country
Ricky,134,Ricky
líkurnar,134,chance
faldi,134,ating
komuna,134,coming
hlustađ,134,listen
lögfræđing,134,legal
bankanum,134,the bank
Gandalfur,134,Goat
umdæmi,133,district
áttađi,133,eighty
veltur,133,depends
Bannister,133,Prohibition
áhöfn,133,crew
notalegt,133,comfortable
Judy,133,Judy
sittu,133,sit
spurningunni,133,question
vegum,133,road
sviđi,133,sting
öfugt,133,reversed
Penny,133,Penny
leitađu,133,search
sumum,133,some
náðu,133,accomplish
kála,133,cell
hendina,133,hand
kafi,133,immerse
dauđu,133,dead
mílur,133,miles
stofunni,133,room
læknis,133,medical
tíkarsonur,133,bitch
svefni,133,sleepy
fastar,133,solid
gamlir,133,old
rændi,133,robbed
draumi,133,dream
skrifstofa,132,office
ömurleg,132,saddened
viđeigandi,132,owner
rķ,132,ķ
Sesar,132,Cites
lofar,132,promise
báturinn,132,the boat
Japan,132,Japan
auki,132,insertion
staddur,132,stand
kúreki,132,cottage
geymdu,132,store
snilld,132,genius
sterkt,132,strong
punktur,132,point
ūráir,132,yo
glæpamenn,132,criminals
hvoru,132,which
kjķlinn,132,chip
bla,132,blue
ķfrísk,132,ķfry
spilla,132,contaminate
ímyndađu,132,imagine
truflar,132,disturbs
morgnana,132,mornings
varđstjķri,132,Varðstjķri
Manny,132,Manny
illu,131,block
vodka,131,vodka
sũning,131,relaxation
skora,131,score
pess,131,pess
smáatriđi,131,slight
hittirđu,131,meet
Walker,131,Walker
Parísar,131,Paris
húrra,131,chimney
hvaðan,131,where
búđ,131,farm
áhyggjum,131,care
skiljir,131,return
rokk,131,rock
mikilvægasta,131,most important
paradís,131,paradise
kjķsa,131,compact
prķfiđ,131,try
borgara,131,citizen
mánađa,131,month
læknar,131,doctors
stalst,131,argue
heilinn,131,brain
sleppir,131,drop
sleikja,131,lick
markmiđ,131,target
sykur,131,sugar
afrit,130,copy
björgum,130,rescue
skíthællinn,130,shit
grænt,130,green
alfa,130,alpha
kastar,130,throw
Ward,130,Ward
lán,130,loan
hverfiđ,130,neighborhood
Fuller,130,Fuller
borgum,130,cities
feiti,130,fat
Ellen,130,Ellen
eiginmann,130,husband
ísinn,130,ice cream
heyrirðu,130,You hear
stráka,130,boys
ađferđ,130,accomplishment
vođa,130,worst
segjast,130,recreate
hefjum,130,begin
morđingja,130,murder
hetjur,130,heroes
Rogers,130,Rogers
september,130,September
sími,130,telephone
tölvunni,130,computer
ferli,130,process
J,129,J
framdi,129,forward
Shakespeare,129,Shakespeare
barđi,129,fight
fangelsiđ,129,jail
skíta,129,shit
göngin,129,the tunnel
Lawrence,129,Lawrence
api,129,ape
skilji,129,divorce
vegur,129,way
viljandi,129,intentional
símtöl,129,calls
Monica,129,Monica
vímu,129,damage
eigið,129,own
Frankenstein,129,Frankenstein
Charlotte,129,Charlotte
rúst,129,rubble
morguninn,129,morning
slík,129,such
einföld,129,simple
síðast,129,last
losnar,129,reduce
bragđiđ,129,flavor
muninn,129,difference
trúlega,129,probably
lykil,129,absolute
ástandi,128,condition
bolti,128,ball
skutla,128,shuttle
leiđtogi,128,ledge
afhenda,128,deliver
Diego,128,Diego
háttinn,128,profile
léti,128,to
desember,128,December
Barney,128,Barney
sjķ,128,sea
forsetann,128,president
Bud,128,Bud
verr,128,worse
strætķ,128,bus
Nora,128,North
stærstu,128,greatest
stingur,128,pick
réttlæti,128,justice
feta,128,foot
dansar,128,dances
stöđuna,128,stand
litur,128,color
yfirvöld,128,authorities
vitið,128,know
and,128,And
vísbendingar,127,clues
neitađ,127,refuse
Glætan,127,Greeted
Bucky,127,Bucky
vinnurđu,127,work
Miranda,127,Miranda
spítalann,127,hospital
ljķta,127,discourage
munir,127,difference
þurfti,127,needed
asninn,127,donkey
skelfilegt,127,horrible
ūvert,127,on
ķūægilegt,127,ķ ķ ķ
innst,127,heart
bindi,127,volume
stķrkostleg,127,stiff
smíđa,127,construction
nafnið,127,the name
skotmarkiđ,127,target
blađ,127,page
áhættuna,127,risk
illur,127,wicked
bķkstaflega,127,constantly
lausan,127,free
samūykki,127,piece
ūakiđ,127,""""
tengja,127,connect
keyri,127,run
bug,127,impression
kassann,127,box
frábærar,127,excellent
rannsķknir,127,research
gjöriđ,127,did
viđskiptin,127,exchange
Chester,126,Chester
njķtiđ,126,nine
Alison,126,Alison
fuglar,126,birds
ar,126,am
ljúkum,126,compulsory
Emily,126,Emily
heitiđ,126,name
feldu,126,coat
engra,126,none
ūjást,126,you
sannleikur,126,truth
virði,126,worth
há,126,skin
hádegismat,126,lunch
fyrirmælum,126,instruction
útlit,126,outlook
kjallaranum,126,basement
völd,126,power
stjörnur,126,stars
riđiđ,126,ride
slķđ,126,slķ
dauður,126,dead
Rico,126,Rico
afl,126,strength
brjálæđingur,126,crazy
drykki,126,drink
Mal,126,Mal
Donna,126,Donna
Riley,125,Rile
hjartaáfall,125,heart attack
klám,125,pornography
kátur,125,merry
vonađi,125,hope
heitur,125,hot
kallinn,125,call
gögnin,125,the data
tækiđ,125,equipment
beltiđ,125,belt
efri,125,upper
brũtur,125,focus
raunverulegur,125,real
togađu,125,pull
kauptu,125,purchase
götunum,125,the
persķnu,125,person
fætinum,125,leg
rassgatiđ,125,asshole
jörđin,125,earth
Tucker,125,Tucker
hálfur,125,half
Maria,125,Maria
krafti,125,force
fylgdist,125,follow
Lori,125,Lori
gefist,125,move
Desmond,125,Depsmond
flyt,125,transfer
leyf,125,resolution
ķtal,125,ķ talk
forrit,125,program
bank,125,bank
hesta,125,horses
Edgar,125,Edgar
stķl,125,stump
nakinn,125,bare
verðið,125,price
langaði,125,wanted
sjúklingur,125,patient
mánudaginn,124,Monday
ala,124,feed
lendi,124,fashion
Georgia,124,Georgia
sjúga,124,suck
hreyfir,124,moves
hvorugt,124,neither
lögreglu,124,police
plús,124,plus
list,124,art
tķnlistin,124,tķnist
önnum,124,busy
barst,124,received
fylki,124,state
bækurnar,124,the books
miđjum,124,media
haus,124,head
ūrá,124,jr
sælar,124,delays
menntun,124,education
Byam,124,Byam
hetju,124,hero
komuđ,124,come
Pam,124,Pam
kaffibolla,124,cup
væruđ,124,would be
gamlar,124,old
tungliđ,124,moon
meiđir,124,hurt
drepast,124,killed
Rock,124,Rock
köku,124,cake
slíkum,124,such
spiliđ,124,play
værirđu,123,Were
kirkjunni,123,church
kvöldverđ,123,dinner
oktķber,123,octķber
hleypt,123,pass
drullastu,123,muddled/confused